title,author,created_date,url,full_permalink,score,ups,downs,num_comments,sanitized_title,image_file,chart_type,high_level_categories
"A majority of highly religious Americans consider gene editing, synthetic blood and brain chips to be meddling with nature",mpiccorossi,2016-08-02 00:11:29,http://www.pewinternet.org/2016/07/26/u-s-public-wary-of-biomedical-technologies-to-enhance-human-abilities/ps_2016-07-26_human-enhancement-survey_0-02/,https://www.reddit.com/r/dataisbeautiful/comments/4vpnum/a_majority_of_highly_religious_americans_consider/,0,0,0,2,"A majority of highly religious Americans consider gene editing, synthetic blood and brain chips to be meddling with nature",2016-08-0005.jpg,none,"religion, genetics, biotechnology, bioethics, technology"
Word length of English vs. Finnish words,bemmu,2016-08-02 09:58:51,http://www.finteresting.net/2016/08/02/no-fear-of-long-words/,https://www.reddit.com/r/dataisbeautiful/comments/4vrp48/word_length_of_english_vs_finnish_words/,64,64,0,6,Word length of English vs. Finnish words,2016-08-0007.jpg,none,"language, words, comparison"
Ranking the States by Fiscal Condition,jayhawks1644,2016-08-02 21:12:38,http://mercatus.org/statefiscalrankings,https://www.reddit.com/r/dataisbeautiful/comments/4vuvef/ranking_the_states_by_fiscal_condition/,28,28,0,32,Ranking the States by Fiscal Condition,2016-08-0012.jpg,none,none
10 Minute Sample of Real-time Twitter Activity [OC],da404lewzer,2016-08-02 23:43:23,https://www.youtube.com/watch?v=-_OBGlgCcTg,https://www.reddit.com/r/dataisbeautiful/comments/4vvkwe/10_minute_sample_of_realtime_twitter_activity_oc/,17,17,0,1,10 Minute Sample of Real-time Twitter Activity OC,2016-08-0013.jpg,none,none
Heat Map That Shows ISIS Branches Spreading Worldwide,lapivan,2016-08-03 07:44:19,http://www.nbcnews.com/storyline/isis-terror/new-counterterrorism-heat-map-shows-isis-branches-spreading-worldwide-n621866,https://www.reddit.com/r/dataisbeautiful/comments/4vxd0z/heat_map_that_shows_isis_branches_spreading/,1,1,0,7,Heat Map That Shows ISIS Branches Spreading Worldwide,2016-08-0017.jpg,none,none
How evictions have laid bare Rio's real Olympic legacy,Jholder112233,2016-08-03 12:22:02,https://www.theguardian.com/sport/ng-interactive/2016/aug/02/how-evictions-have-laid-bare-rios-real-olympic-legacy,https://www.reddit.com/r/dataisbeautiful/comments/4vy7a8/how_evictions_have_laid_bare_rios_real_olympic/,5,5,0,0,How evictions have laid bare Rio's real Olympic legacy,2016-08-0018.jpg,none,"olympics, rio de janeiro, evictions, social issues, urban development"
MIT's visualization compendium of global trade,regstuff,2016-08-03 15:00:38,http://atlas.media.mit.edu/en/,https://www.reddit.com/r/dataisbeautiful/comments/4vyx03/mits_visualization_compendium_of_global_trade/,18,18,0,1,MIT's visualization compendium of global trade,2016-08-0021.jpg,none,"trade, global, mit, visualization"
Only 9% of Americans voted for Hillary or Trump in the primaries,whatsausername90,2016-08-04 06:08:30,http://www.nytimes.com/interactive/2016/08/01/us/elections/nine-percent-of-america-selected-trump-and-clinton.html?smid=fb-nytimes&smtyp=cur&_r=1,https://www.reddit.com/r/dataisbeautiful/comments/4w3418/only_9_of_americans_voted_for_hillary_or_trump_in/,3893,3893,0,2395,Only 9% of Americans voted for Hillary or Trump in the primaries,2016-08-0026.jpg,none,"politics, elections, voting, primaries"
U.S. Presidential candidates and their positions on various issues visualized [OC],RedPandaSix,2016-08-04 16:58:17,http://imgur.com/gallery/n1VdV,https://www.reddit.com/r/dataisbeautiful/comments/4w5j2l/us_presidential_candidates_and_their_positions_on/,3934,3934,0,5334,U.S. Presidential candidates and their positions on various issues visualized OC,2016-08-0034.jpg,none,none
CEO-to-worker pay ratios in the US [OC],hollidaychh,2016-08-04 18:43:47,http://www.payscale.com/data-packages/ceo-pay,https://www.reddit.com/r/dataisbeautiful/comments/4w6323/ceotoworker_pay_ratios_in_the_us_oc/,6,6,0,2,CEO-to-worker pay ratios in the US OC,2016-08-0036.jpg,none,"economics, income inequality, salaries, employment"
"Illustration of the Allied and Axis naval fleets as of March 2, 1942",Onduri,2016-08-04 19:25:45,https://books.google.nl/books?id=K04EAAAAMBAJ&lpg=PA15&dq=%E2%80%9CNow%20the%20U.S.%20Must%20Fight%20for%20Its%20Life%E2%80%9D&pg=PA42#v=onepage&q&f=true,https://www.reddit.com/r/dataisbeautiful/comments/4w6al3/illustration_of_the_allied_and_axis_naval_fleets/,9,9,0,1,"Illustration of the Allied and Axis naval fleets as of March 2, 1942",2016-08-0037.jpg,none,none
Tools of Modern Terror: How the AK-47 and AR-15 Evolved Into Rifles of Choice for Mass Killers,pipsdontsqueak,2016-08-04 22:17:54,http://www.nytimes.com/interactive/2016/world/ak-47-mass-shootings.html?emc=edit_ta_20160804&nlid=54847948&ref=cta&_r=0,https://www.reddit.com/r/dataisbeautiful/comments/4w75vn/tools_of_modern_terror_how_the_ak47_and_ar15/,0,0,0,2,Tools of Modern Terror How the AK-47 and AR-15 Evolved Into Rifles of Choice for Mass Killers,2016-08-0044.jpg,none,"weapons, violence, crime, terrorism, mass shootings"
Every Single Human Being On The Planet,ThereAintNoValley,2016-08-05 04:14:01,http://www.7billionworld.com,https://www.reddit.com/r/dataisbeautiful/comments/4w8mr4/every_single_human_being_on_the_planet/,18,18,0,5,Every Single Human Being On The Planet,2016-08-0047.jpg,none,"population, demographics, world, humanity"
Evolution of adult men height over time [OC],hidekoji,2016-08-05 05:02:48,https://exploratory.io/viz/hidekoji/09bf172aceca?cb=1470327996483,https://www.reddit.com/r/dataisbeautiful/comments/4w8sse/evolution_of_adult_men_height_over_time_oc/,7,7,0,6,Evolution of adult men height over time OC,2016-08-0049.jpg,none,none
"A ​single cow, steer, or bull produces more CO2 per year than a Ferrari​",lapivan,2016-08-05 13:34:45,http://www.fao.org/gleam/results/en/,https://www.reddit.com/r/dataisbeautiful/comments/4waeq4/a_single_cow_steer_or_bull_produces_more_co2_per/,761,761,0,164,"A ​single cow, steer, or bull produces more CO2 per year than a Ferrari​",2016-08-0054.jpg,none,none
"One Race, Every Medalist Ever. Video comparison of every 100 meter dash medalist since the 1896 Olympics. xpost from /r/sports",OomnyChelloveck,2016-08-05 18:41:44,http://www.nytimes.com/interactive/2012/08/05/sports/olympics/the-100-meter-dash-one-race-every-medalist-ever.html?_r=0,https://www.reddit.com/r/dataisbeautiful/comments/4wbxbs/one_race_every_medalist_ever_video_comparison_of/,5963,5963,0,929,"One Race, Every Medalist Ever. Video comparison of every 100 meter dash medalist since the 1896 Olympics. xpost from rsports",2016-08-0060.jpg,none,"sports, olympics, athletics, running, history"
Making sense of everything with words2map,xlegel,2016-08-06 00:14:00,http://blog.yhat.com/posts/words2map.html,https://www.reddit.com/r/dataisbeautiful/comments/4wdh57/making_sense_of_everything_with_words2map/,11,11,0,1,Making sense of everything with words2map,2016-08-0062.jpg,none,"data visualization, word vectors, machine learning, artificial intelligence"
Katie Ledecky vs. Various Swimming Records - from FiveThirtyEight,aj1x,2016-08-06 05:15:47,http://fivethirtyeight.com/features/katie-ledecky-is-the-present-and-the-future-of-swimming/,https://www.reddit.com/r/dataisbeautiful/comments/4wejyp/katie_ledecky_vs_various_swimming_records_from/,18,18,0,2,Katie Ledecky vs. Various Swimming Records - from FiveThirtyEight,2016-08-0066.jpg,none,"swimming, sports, athletes"
Housing prices per 1 sq. m in Warsaw as of July 2016 [OC],szyy,2016-08-07 09:34:09,http://biqdata.wyborcza.pl/files/files/eVR0Y7TD3K.jpg,https://www.reddit.com/r/dataisbeautiful/comments/4wk8ng/housing_prices_per_1_sq_m_in_warsaw_as_of_july/,1163,1163,0,105,Housing prices per 1 sq. m in Warsaw as of July 2016 OC,2016-08-0069.jpg,none,none
Are you taller or shorter than the mean height (in centimeters) of people from your birth cohort? [OC],healthanalyst,2016-08-07 23:15:18,http://publichealthintelligence.org/content/are-you-really-tall,https://www.reddit.com/r/dataisbeautiful/comments/4wna0f/are_you_taller_or_shorter_than_the_mean_height_in/,1006,1006,0,273,Are you taller or shorter than the mean height (in centimeters) of people from your birth cohort OC,2016-08-0073.jpg,none,none
Ranking the States by Fiscal Condition 2016 Edition,megsee3,2016-08-08 13:46:09,http://mercatus.org/statefiscalrankings,https://www.reddit.com/r/dataisbeautiful/comments/4wq7wt/ranking_the_states_by_fiscal_condition_2016/,2,2,0,0,Ranking the States by Fiscal Condition 2016 Edition,2016-08-0076.jpg,none,none
Using inequality data to look at social media habits in NYC,Cabber,2016-08-08 15:02:45,http://inequaligram.net/,https://www.reddit.com/r/dataisbeautiful/comments/4wqk8p/using_inequality_data_to_look_at_social_media/,2,2,0,0,Using inequality data to look at social media habits in NYC,2016-08-0078.jpg,none,"social media, inequality, nyc, urban studies"
The ecological wealth of nations,SquibbKick,2016-08-08 16:36:33,http://www.footprintnetwork.org/ecological_footprint_nations/index.html,https://www.reddit.com/r/dataisbeautiful/comments/4wr1ep/the_ecological_wealth_of_nations/,17,17,0,1,The ecological wealth of nations,2016-08-0079.jpg,none,"ecology, environment, wealth, nations"
Characteristics of cat people vs dog people,ostedog,2016-08-08 17:59:44,https://research.facebook.com/blog/cat-people-dog-people/,https://www.reddit.com/r/dataisbeautiful/comments/4wri1u/characteristics_of_cat_people_vs_dog_people/,14,14,0,2,Characteristics of cat people vs dog people,2016-08-0081.jpg,none,"animals, pets, personality, behavior"
"As a big fan of both bad reality TV and data driven alcohol consumption, I decided to make(and play) a drinking game for this season of The Bachelorette. Inside are the rules and results of the...study? [OC]",TruckInAustin,2016-08-08 18:57:17,http://www.questionablyqualified.com/the-bachelor/the-bachelorette-drinking-game-hazily-looking-back,https://www.reddit.com/r/dataisbeautiful/comments/4wrth1/as_a_big_fan_of_both_bad_reality_tv_and_data/,6,6,0,1,"As a big fan of both bad reality TV and data driven alcohol consumption, I decided to make(and play) a drinking game for this season of The Bacheloret",2016-08-0083.jpg,none,"reality tv, drinking games, the bachelorette"
Remote Developer Job Market Data 8/8/2016,remotelyrich,2016-08-08 21:50:48,https://remotelyrich.com/chart,https://www.reddit.com/r/dataisbeautiful/comments/4wspvw/remote_developer_job_market_data_882016/,18,18,0,6,Remote Developer Job Market Data 882016,2016-08-0085.jpg,none,"remote work, web development, income, technology, job market"
Never had it so good? The misconceptions about the cost of living in Australia,jimrosenz,2016-08-09 00:49:22,https://www.theguardian.com/business/grogonomics/2016/aug/09/never-had-it-so-good-the-misconceptions-about-the-cost-of-living?CMP=soc_567,https://www.reddit.com/r/dataisbeautiful/comments/4wtjiu/never_had_it_so_good_the_misconceptions_about_the/,9,9,0,0,Never had it so good The misconceptions about the cost of living in Australia,2016-08-0087.jpg,none,"cost of living, australia, economics, prices, perception, 2016"
Michael Phelps has more gold medals than 80% of the countries competing in the olympics.,jobbus,2016-08-09 09:43:56,http://www.bbc.com/sport/olympics/37009383,https://www.reddit.com/r/dataisbeautiful/comments/4wvdmd/michael_phelps_has_more_gold_medals_than_80_of/,1673,1673,0,98,Michael Phelps has more gold medals than 80% of the countries competing in the olympics.,2016-08-0089.jpg,none,"sports, olympics, swimming, achievements"
"What $100 Can Buy, State by State",kartik_sundar,2016-08-09 14:09:36,http://www.nytimes.com/2016/08/09/business/what-100-can-buy-state-by-state.html,https://www.reddit.com/r/dataisbeautiful/comments/4wwcq6/what_100_can_buy_state_by_state/,3,3,0,0,"What $100 Can Buy, State by State",2016-08-0093.jpg,none,"currency, money, finance"
US economic activity,henryz219,2016-08-09 16:00:31,http://www.dallasfed.org/assets/documents/research/econdata/us-charts.pdf?cmpid=enl-poe-weekly-august-09-2016,https://www.reddit.com/r/dataisbeautiful/comments/4wwwk8/us_economic_activity/,3,3,0,1,US economic activity,2016-08-0096.jpg,none,"economics, finance, banking, united states"
Michael Phelps vs. Himself,kartik_sundar,2016-08-10 00:32:08,http://www.nytimes.com/interactive/2016/08/09/sports/olympics/2016-08-09-olympics-phelps-vs-phelps.html,https://www.reddit.com/r/dataisbeautiful/comments/4wzh4g/michael_phelps_vs_himself/,4296,4296,0,846,Michael Phelps vs. Himself,2016-08-0101.jpg,none,"sports, swimming, comparison"
Visualizing Hundreds of My Favorite Songs on Spotify,Marval13,2016-08-10 07:58:39,https://medium.com/cuepoint/visualizing-hundreds-of-my-favorite-songs-on-spotify-fe50c94b8af3,https://www.reddit.com/r/dataisbeautiful/comments/4x12r2/visualizing_hundreds_of_my_favorite_songs_on/,10,10,0,1,Visualizing Hundreds of My Favorite Songs on Spotify,2016-08-0105.jpg,none,none
"Enter your details to find your Rio 2016 body match from a database of more than 10,000 athletes taking part in the Olympics",alexgabriel_i,2016-08-10 10:47:17,http://www.bbc.com/sport/olympics/36984887?ocid=socialflow_facebook&ns_mchannel=social&ns_campaign=bbcnews&ns_source=facebook,https://www.reddit.com/r/dataisbeautiful/comments/4x1jst/enter_your_details_to_find_your_rio_2016_body/,4672,4672,0,983,"Enter your details to find your Rio 2016 body match from a database of more than 10,000 athletes taking part in the Olympics",2016-08-0106.jpg,none,"olympics, sports, athletes, body matching"
Roskilde Festival (Danish Festival): Beer sales vs condom sales,bathoodie,2016-08-10 11:45:17,http://www.kommunikationsforum.dk/artikler/Hvordan-bruger-Roskilde-Festivalen-Big-Data,https://www.reddit.com/r/dataisbeautiful/comments/4x1q4d/roskilde_festival_danish_festival_beer_sales_vs/,3,3,0,1,Roskilde Festival (Danish Festival) Beer sales vs condom sales,2016-08-0107.jpg,none,"festival, denmark, music, event"
How the U.S. Crushed the Competition in the Women's Gymnastics Team Final,kartik_sundar,2016-08-10 16:50:09,http://www.nytimes.com/interactive/2016/08/09/sports/olympics-womens-gymnastics-team-all-around.html,https://www.reddit.com/r/dataisbeautiful/comments/4x33cb/how_the_us_crushed_the_competition_in_the_womens/,56,56,0,1,How the U.S. Crushed the Competition in the Women's Gymnastics Team Final,2016-08-0114.jpg,none,"sports, gymnastics, olympics, usa"
Do countries win more Olympics medals if they send more athletes?,kartik_sundar,2016-08-10 17:05:03,https://www.thestar.com/sports/olympics/2016/08/09/do-countries-win-more-olympics-medals-if-they-send-more-athletes.html,https://www.reddit.com/r/dataisbeautiful/comments/4x35y5/do_countries_win_more_olympics_medals_if_they/,3,3,0,4,Do countries win more Olympics medals if they send more athletes,2016-08-0115.jpg,none,"olympics, sports, medals"
The new face of segregation in schools,nlittlepoole,2016-08-10 17:36:06,http://blog.enigma.io/the-new-face-of-segregation-in-schools/,https://www.reddit.com/r/dataisbeautiful/comments/4x3bmo/the_new_face_of_segregation_in_schools/,9,9,0,14,The new face of segregation in schools,2016-08-0116.jpg,none,"segregation, schools, education, society"
Visualization of how much weight humans would be able to lift if we had the same pound-for-pound strength of the world's strongest animals [OC],merchantguy16,2016-08-10 19:30:31,http://homegymr.com/if-humans-had-animal-strength/,https://www.reddit.com/r/dataisbeautiful/comments/4x3xis/visualization_of_how_much_weight_humans_would_be/,21,21,0,4,Visualization of how much weight humans would be able to lift if we had the same pound-for-pound strength of the world's strongest animals OC,2016-08-0120.jpg,none,"animals, strength, human capabilities"
One in Eight U.S. Adults Say They Smoke Marijuana,lapivan,2016-08-11 05:42:38,http://www.gallup.com/poll/194195/adults-say-smoke-marijuana.aspx,https://www.reddit.com/r/dataisbeautiful/comments/4x6jch/one_in_eight_us_adults_say_they_smoke_marijuana/,10,10,0,2,One in Eight U.S. Adults Say They Smoke Marijuana,2016-08-0126.jpg,none,"marijuana, adults, u.s., lifestyle"
Women Are More Beautiful Than Men,emoposer,2016-08-11 11:00:12,https://www.psychologytoday.com/blog/the-scientific-fundamentalist/201101/women-are-more-beautiful-men,https://www.reddit.com/r/dataisbeautiful/comments/4x7fz1/women_are_more_beautiful_than_men/,2,2,0,10,Women Are More Beautiful Than Men,2016-08-0130.jpg,none,"gender, perception, humor, stereotypes, beauty"
I did a center of mass analysis of two gifs of gymnasts performing heroic recoveries on a balance beam! [OC],sandusky_hohoho,2016-08-11 14:56:24,http://imgur.com/a/lbARg,https://www.reddit.com/r/dataisbeautiful/comments/4x8ec0/i_did_a_center_of_mass_analysis_of_two_gifs_of/,4530,4530,0,142,I did a center of mass analysis of two gifs of gymnasts performing heroic recoveries on a balance beam! OC,2016-08-0131.jpg,none,"gymnastics, sports, analysis, performance"
Meteor shower frequency viz,e_machine,2016-08-11 17:58:11,http://www.wolfram.com/language/11/visualization--labels-scales-exclusions/meteor-shower-data.html,https://www.reddit.com/r/dataisbeautiful/comments/4x9cgb/meteor_shower_frequency_viz/,2,2,0,0,Meteor shower frequency viz,2016-08-0134.jpg,none,none
Republicans hold most seats in state legislatures [OC],spacemnky23,2016-08-11 18:07:45,https://www.fiscalnote.com/2016/08/11/republicans-hold-seats-state-legislatures/,https://www.reddit.com/r/dataisbeautiful/comments/4x9ed5/republicans_hold_most_seats_in_state_legislatures/,36,36,0,8,Republicans hold most seats in state legislatures OC,2016-08-0136.jpg,none,none
A day in the life of Montreal's cyclists,Onetimeposttwice,2016-08-11 18:13:23,https://www.youtube.com/attribution_link?a=7zIXnegrZ70&u=%2Fwatch%3Fv%3DyGpd13yIZ8g%26feature%3Dshare,https://www.reddit.com/r/dataisbeautiful/comments/4x9fec/a_day_in_the_life_of_montreals_cyclists/,4,4,0,1,A day in the life of Montreal's cyclists,2016-08-0137.jpg,none,"transportation, urban mobility, cycling, montreal"
"Frame by Frame, Moves That Made Simone Biles Unbeatable (NYT)",thesarahkay,2016-08-12 17:09:38,http://www.nytimes.com/interactive/2016/08/11/sports/olympics/simone-biles-winning-moves.html?ribbon-ad-idx=8&src=trending&module=Ribbon&version=origin&region=Header&action=click&contentCollection=Trending&pgtype=article,https://www.reddit.com/r/dataisbeautiful/comments/4xeljw/frame_by_frame_moves_that_made_simone_biles/,9,9,0,0,"Frame by Frame, Moves That Made Simone Biles Unbeatable (NYT)",2016-08-0147.jpg,none,"gymnastics, sports, athletics, olympics, performance"
Ethernet vs WiFi connections in gaming,LinkedSpirit,2016-08-12 18:23:22,http://na.leagueoflegends.com/en/page/ethernet-vs-wifi-ping-packets-playing-better,https://www.reddit.com/r/dataisbeautiful/comments/4xezzi/ethernet_vs_wifi_connections_in_gaming/,12,12,0,0,Ethernet vs WiFi connections in gaming,2016-08-0149.jpg,none,none
Huygens Descent Visualization (Huygens is the Cassini mission's lander for Saturn's moon Titan),BrandonMarc,2016-08-13 01:06:13,https://www.youtube.com/watch?v=QbmcoL3OqPk,https://www.reddit.com/r/dataisbeautiful/comments/4xgvlb/huygens_descent_visualization_huygens_is_the/,4,4,0,1,Huygens Descent Visualization (Huygens is the Cassini mission's lander for Saturn's moon Titan),2016-08-0152.jpg,none,"space exploration, saturn, titan, cassini mission, huygens lander"
Beautiful network graph with all Pokémon types. (From the post: Finding Pokémon GO’s Shortest Tour to Compute ’em All!—Wolfram Blog),Erfoj,2016-08-13 10:52:28,http://blog.wolfram.com/2016/08/12/finding-pokemon-gos-shortest-tour-to-compute-em-all/,https://www.reddit.com/r/dataisbeautiful/comments/4xim2d/beautiful_network_graph_with_all_pokémon_types/,46,46,0,0,Beautiful network graph with all Pokémon types. (From the post Finding Pokémon GO’s Shortest Tour to Compute ’em All!—Wolfram Blog),2016-08-0154.jpg,none,none
Crappy friends at crappy burger joints: A statistical analysis of 10 million meals [OC],swag-u,2016-08-13 12:45:02,http://gutterstats.com/2016/08/13/crappy-friends-at-crappy-burger-joints-a-statistical-analysis-of-10-million-meals/,https://www.reddit.com/r/dataisbeautiful/comments/4xixdd/crappy_friends_at_crappy_burger_joints_a/,5,5,0,3,Crappy friends at crappy burger joints A statistical analysis of 10 million meals OC,2016-08-0155.jpg,none,none
Why we are not alone in the universe,Jooshwa,2016-08-13 13:22:44,http://www.joshworth.com/dev/78coins/,https://www.reddit.com/r/dataisbeautiful/comments/4xj1h7/why_we_are_not_alone_in_the_universe/,252,252,0,63,Why we are not alone in the universe,2016-08-0156.jpg,none,"universe, extraterrestrial life, astronomy, science"
Who should driverless cars kill? [Interactive],HeroAntagonist,2016-08-13 17:57:38,http://moralmachine.mit.edu/,https://www.reddit.com/r/dataisbeautiful/comments/4xk6fw/who_should_driverless_cars_kill_interactive/,3200,3200,0,2626,Who should driverless cars kill Interactive,2016-08-0159.jpg,none,"ethics, autonomous vehicles, morality, technology"
The Most Athletic Olympic Nations - Athletes Per Capita and Medals Per Capita,Emperor_YSSAC,2016-08-14 20:39:53,http://nilsenreport.ca/2016/08/14/youll-never-guess-the-top-10-most-athletic-olympic-nations/,https://www.reddit.com/r/dataisbeautiful/comments/4xpyth/the_most_athletic_olympic_nations_athletes_per/,12,12,0,0,The Most Athletic Olympic Nations - Athletes Per Capita and Medals Per Capita,2016-08-0169.jpg,none,"olympics, athletics, sports, competition"
How Nafissatou Thiam beat the odds to claim the heptathlon gold in Rio,allwordsaremadeup,2016-08-14 20:54:20,http://www.theguardian.com/sport/ng-interactive/2016/aug/14/how-nafissatou-thiam-beat-the-odds-to-claim-the-heptathlon-gold-in-rio,https://www.reddit.com/r/dataisbeautiful/comments/4xq19a/how_nafissatou_thiam_beat_the_odds_to_claim_the/,16,16,0,0,How Nafissatou Thiam beat the odds to claim the heptathlon gold in Rio,2016-08-0170.jpg,none,"athletics, olympics, sports, triumph"
"Forget Track... Here is 1 year and over 7,000 miles on my bike. [OC]",bikess,2016-08-14 23:59:07,http://imgur.com/a/N1wJp,https://www.reddit.com/r/dataisbeautiful/comments/4xqu27/forget_track_here_is_1_year_and_over_7000_miles/,60,60,0,24,"Forget Track... Here is 1 year and over 7,000 miles on my bike. OC",2016-08-0172.jpg,none,none
The demise of UK deep coal mining: decades of decline,jimrosenz,2016-08-15 02:41:06,http://www.theguardian.com/business/ng-interactive/2015/dec/18/the-demise-of-uk-deep-coal-mining-decades-of-decline,https://www.reddit.com/r/dataisbeautiful/comments/4xrioi/the_demise_of_uk_deep_coal_mining_decades_of/,6,6,0,0,The demise of UK deep coal mining decades of decline,2016-08-0173.jpg,none,"coal mining, uk, industry, decline"
Why the US is #1,jaysmalls,2016-08-15 03:06:54,https://www.washingtonpost.com/graphics/sports/olympics/history-olympic-medalists/,https://www.reddit.com/r/dataisbeautiful/comments/4xrmjs/why_the_us_is_1/,0,0,0,13,Why the US is #1,2016-08-0174.jpg,none,"olympics, sports, usa, medals"
How Nafissatou Thiam beat the odds to claim the heptathlon gold in Rio,Jholder112233,2016-08-15 13:51:07,https://www.theguardian.com/sport/ng-interactive/2016/aug/14/how-nafissatou-thiam-beat-the-odds-to-claim-the-heptathlon-gold-in-rio,https://www.reddit.com/r/dataisbeautiful/comments/4xtmuu/how_nafissatou_thiam_beat_the_odds_to_claim_the/,3,3,0,0,How Nafissatou Thiam beat the odds to claim the heptathlon gold in Rio,2016-08-0177.jpg,none,"sports, athletics, olympics, rio 2016, heptathlon"
Every country's fastest man in one race,RicoPapaya,2016-08-15 18:18:33,http://hindustantimes.com/static/olympics/every-country-fastest-man-in-one-race-100m/,https://www.reddit.com/r/dataisbeautiful/comments/4xuz95/every_countrys_fastest_man_in_one_race/,109,109,0,10,Every country's fastest man in one race,2016-08-0182.jpg,none,"athletics, sports, running, countries"
When Your Pet is Most at Risk for Fleas and Ticks [OC],datavyst,2016-08-16 01:56:28,http://www.datavyst.com/2016/08/16/pet-risk-fleas-ticks/,https://www.reddit.com/r/dataisbeautiful/comments/4xx4c1/when_your_pet_is_most_at_risk_for_fleas_and_ticks/,6,6,0,2,When Your Pet is Most at Risk for Fleas and Ticks OC,2016-08-0187.jpg,none,"pets, animals, photography"
Visualizing Reddit comment data in the Wolfram Language,thefringthing,2016-08-16 15:37:54,http://community.wolfram.com/groups/-/m/t/904110,https://www.reddit.com/r/dataisbeautiful/comments/4y0473/visualizing_reddit_comment_data_in_the_wolfram/,8,8,0,0,Visualizing Reddit comment data in the Wolfram Language,2016-08-0195.jpg,none,none
Which states are most prepared to weather the next recession?,megsee3,2016-08-16 18:19:53,http://mercatus.org/publication/weathering-next-recession-how-prepared-are-us-states,https://www.reddit.com/r/dataisbeautiful/comments/4y0ze3/which_states_are_most_prepared_to_weather_the/,7,7,0,1,Which states are most prepared to weather the next recession,2016-08-0199.jpg,none,"economics, preparedness, states, recession"
Using Predictive Algorithms to Track Real Time Health Trends [OC],felixthursday,2016-08-16 20:28:12,http://blog.algorithmia.com/predictive-algorithms-track-real-time-health-trends/,https://www.reddit.com/r/dataisbeautiful/comments/4y1nw8/using_predictive_algorithms_to_track_real_time/,2,2,0,1,Using Predictive Algorithms to Track Real Time Health Trends OC,2016-08-0200.jpg,none,"health, technology, predictive algorithms, real-time analysis, ai"
Which states tax groceries--and by how much,rwescott,2016-08-16 20:30:49,http://www.pewtrusts.org/en/research-and-analysis/blogs/stateline/2016/08/16/decried-as-unfair-taxes-on-groceries-persist-in-some-states,https://www.reddit.com/r/dataisbeautiful/comments/4y1ocz/which_states_tax_groceriesand_by_how_much/,9,9,0,3,Which states tax groceries--and by how much,2016-08-0201.jpg,none,none
Network of Kanye West's Related Artists [OC],JakeThinks,2016-08-16 22:48:49,http://bl.ocks.org/jsclose/52dc635f807bb43daa6b2ed5765004fd,https://www.reddit.com/r/dataisbeautiful/comments/4y2cvt/network_of_kanye_wests_related_artists_oc/,6,6,0,6,Network of Kanye West's Related Artists OC,2016-08-0204.jpg,none,none
Reddit's uptime (2008–2016) [OC],fhoffa,2016-08-17 13:21:53,https://medium.com/@hoffa/reddit-uptime-2008-2016-bigquery-b3d7b11046e0#.wf77j6wgw,https://www.reddit.com/r/dataisbeautiful/comments/4y5j1a/reddits_uptime_20082016_oc/,87,87,0,11,Reddit's uptime (2008–2016) OC,2016-08-0209.jpg,none,none
What Does It Take To Map A Walrus Hangout?,jstuartmill,2016-08-17 15:41:19,http://www.npr.org/sections/thetwo-way/2016/08/17/490225647/what-does-it-take-to-map-a-walrus-hangout-160-years-and-a-lot-of-help,https://www.reddit.com/r/dataisbeautiful/comments/4y6aot/what_does_it_take_to_map_a_walrus_hangout/,4,4,0,0,What Does It Take To Map A Walrus Hangout,2016-08-0212.jpg,none,"walrus, wildlife, nature, animal behavior"
Compelling statistical evidence of a current in Olympic Pool,centralwinger,2016-08-17 19:16:59,https://swimswam.com/problem-rio-pool/,https://www.reddit.com/r/dataisbeautiful/comments/4y7jf9/compelling_statistical_evidence_of_a_current_in/,4605,4605,0,454,Compelling statistical evidence of a current in Olympic Pool,2016-08-0214.jpg,none,"sports, swimming, olympics"
How Elaine Thompson took Olympic gold in the women’s 200m,Jholder112233,2016-08-18 08:42:17,https://www.theguardian.com/sport/ng-interactive/2016/aug/18/how-sprint-queen-elaine-thompson-took-olympic-gold-in-the-womens-200m,https://www.reddit.com/r/dataisbeautiful/comments/4yb6c5/how_elaine_thompson_took_olympic_gold_in_the/,14,14,0,1,How Elaine Thompson took Olympic gold in the women’s 200m,2016-08-0220.jpg,none,"sports, athletics, olympics, women, running"
"The death of the department store: Change in retail sales since January 2000, adjusted for inflation",rhiever,2016-08-18 13:16:52,http://fivethirtyeight.com/features/the-2016-election-is-about-dividing-up-the-pie/#Macys,https://www.reddit.com/r/dataisbeautiful/comments/4yc734/the_death_of_the_department_store_change_in/,11,11,0,0,"The death of the department store Change in retail sales since January 2000, adjusted for inflation",2016-08-0224.jpg,none,none
Here’s every billion-dollar weather disaster in the U.S. since 1980 - Katrina cost the most - Washington Post,VisWhiz,2016-08-18 18:26:29,https://www.washingtonpost.com/graphics/national/billion-dollar-disasters/?5,https://www.reddit.com/r/dataisbeautiful/comments/4ydvw1/heres_every_billiondollar_weather_disaster_in_the/,5,5,0,1,Here’s every billion-dollar weather disaster in the U.S. since 1980 - Katrina cost the most - Washington Post,2016-08-0231.jpg,none,"weather, disasters, economics, united states, hurricanes, flooding, wildfires, storms, drought"
iconic National Parks compared using elevation data [OC],straforel,2016-08-18 22:56:50,https://youtu.be/q3zt7BXEMPQ,https://www.reddit.com/r/dataisbeautiful/comments/4yfd97/iconic_national_parks_compared_using_elevation/,13,13,0,3,iconic National Parks compared using elevation data OC,2016-08-0236.jpg,none,"national parks, elevation, nature, geography"
Research as an Olympic Sport,jdiogenes86,2016-08-19 11:26:13,https://www.authorea.com/users/8850/articles/123654/_show_article,https://www.reddit.com/r/dataisbeautiful/comments/4yide0/research_as_an_olympic_sport/,2,2,0,0,Research as an Olympic Sport,2016-08-0240.jpg,none,none
NYTimes olympics in your neighborhood,polyglotdev,2016-08-19 15:05:56,http://www.nytimes.com/interactive/2016/08/17/sports/olympics/100000004600544.app.html?smprod=nytcore-iphone&smid=nytcore-iphone-share&nytapp=iphone,https://www.reddit.com/r/dataisbeautiful/comments/4yjf5s/nytimes_olympics_in_your_neighborhood/,9,9,0,0,NYTimes olympics in your neighborhood,2016-08-0244.jpg,none,"olympics, athletics, running, geography, sports, new york"
Which Olympic Sports Do People Care About? [OC],MDRG_Research,2016-08-19 21:20:48,http://www.mdrginc.com/wp-content/uploads/2016/08/FinalInfographic.pdf,https://www.reddit.com/r/dataisbeautiful/comments/4yld8v/which_olympic_sports_do_people_care_about_oc/,14,14,0,6,Which Olympic Sports Do People Care About OC,2016-08-0248.jpg,none,none
Who is Really Winning the Rio Olympics? - Datavyst,gbdigital,2016-08-19 23:29:09,http://www.datavyst.com/2016/08/19/really-winning-rio-olympics/,https://www.reddit.com/r/dataisbeautiful/comments/4ym0dw/who_is_really_winning_the_rio_olympics_datavyst/,6,6,0,7,Who is Really Winning the Rio Olympics - Datavyst,2016-08-0249.jpg,none,"olympics, sports, rio 2016"
Every country's fastest woman in one race [OC],gurmanbh,2016-08-20 04:49:08,http://www.hindustantimes.com/static/olympics/every-country-fastest-woman-in-one-race-100m/,https://www.reddit.com/r/dataisbeautiful/comments/4ynbx5/every_countrys_fastest_woman_in_one_race_oc/,289,289,0,15,Every country's fastest woman in one race OC,2016-08-0251.jpg,none,"athletics, women, sports, countries"
"Crime in Context: violent crime is up in some places, but is it really a trend? (Crime data for 68 US cities 1975-2015)",sponto_pronto,2016-08-20 15:06:35,https://www.themarshallproject.org/2016/08/18/crime-in-context,https://www.reddit.com/r/dataisbeautiful/comments/4ypg7s/crime_in_context_violent_crime_is_up_in_some/,11,11,0,0,"Crime in Context violent crime is up in some places, but is it really a trend (Crime data for 68 US cities 1975-2015)",2016-08-0253.jpg,none,"crime, law enforcement, usa"
Heraldry of German States,DrSheldon_Lee_Cooper,2016-08-21 16:29:48,http://www.the-dialogue.com/en/en55-heraldry-of-german-states/,https://www.reddit.com/r/dataisbeautiful/comments/4yvo65/heraldry_of_german_states/,15,15,0,3,Heraldry of German States,2016-08-0258.jpg,none,"heraldry, germany, history, art"
The world has never been safer than right now.,DATA_Visualised,2016-08-21 17:26:57,http://www.pri.org/stories/2014-10-23/world-actually-safer-ever-and-heres-data-prove,https://www.reddit.com/r/dataisbeautiful/comments/4yvyqv/the_world_has_never_been_safer_than_right_now/,20,20,0,9,The world has never been safer than right now.,2016-08-0259.jpg,none,"safety, society, world events"
"I was curious as to why strange videos of people playing with toys were getting hundreds of millions of views on youtube, so I delved into the statistics to figure out why. Since its about youtube I made a youtube video. [OC]",VanDeGraph,2016-08-22 01:44:55,https://youtu.be/m0Q5jO8I59w,https://www.reddit.com/r/dataisbeautiful/comments/4yya2d/i_was_curious_as_to_why_strange_videos_of_people/,38,38,0,26,"I was curious as to why strange videos of people playing with toys were getting hundreds of millions of views on youtube, so I delved into the statist",2016-08-0262.jpg,none,"youtube, videos, toys, social media, online content"
The most educated women are the most likely to be married,jimrosenz,2016-08-22 11:34:48,https://www.brookings.edu/blog/social-mobility-memos/2016/08/19/the-most-educated-women-are-the-most-likely-to-be-married/?cid=00900015020149101US0001-0821,https://www.reddit.com/r/dataisbeautiful/comments/4z03mf/the_most_educated_women_are_the_most_likely_to_be/,17,17,0,11,The most educated women are the most likely to be married,2016-08-0266.jpg,none,none
"Selfiecity.net, investigating the style of selfies in five cities across the world",ostedog,2016-08-22 11:55:50,http://selfiecity.net,https://www.reddit.com/r/dataisbeautiful/comments/4z067a/selfiecitynet_investigating_the_style_of_selfies/,11,11,0,6,"Selfiecity.net, investigating the style of selfies in five cities across the world",2016-08-0267.jpg,none,"selfies, photography, urban culture, global cities"
These 14 charts show the gap between India and an Olympic gold,gurmanbh,2016-08-22 13:50:40,http://www.hindustantimes.com/static/the-gap-between-india-and-an-olympic-gold/,https://www.reddit.com/r/dataisbeautiful/comments/4z0lz7/these_14_charts_show_the_gap_between_india_and_an/,19,19,0,3,These 14 charts show the gap between India and an Olympic gold,2016-08-0270.jpg,none,"sports, olympics, athletics, competition"
Crime in context: Marshall Project analyzed 40 years of data,reporterjen,2016-08-22 14:10:18,https://www.themarshallproject.org/2016/08/18/crime-in-context#.Q3vmneVhn,https://www.reddit.com/r/dataisbeautiful/comments/4z0p1h/crime_in_context_marshall_project_analyzed_40/,2,2,0,0,Crime in context Marshall Project analyzed 40 years of data,2016-08-0271.jpg,none,none
The Rise of Malaria in the Democratic Republic of Congo [OC],ugleymatt,2016-08-22 16:05:23,https://public.tableau.com/views/Malaria_0/MalariainTheDRC?:embed=y&:display_count=yes,https://www.reddit.com/r/dataisbeautiful/comments/4z18my/the_rise_of_malaria_in_the_democratic_republic_of/,0,0,0,1,The Rise of Malaria in the Democratic Republic of Congo OC,2016-08-0272.jpg,none,"malaria, health, disease, democratic republic of congo, africa"
Team Canada’s success in Rio tempered by some disappointment | Toronto Star,kartik_sundar,2016-08-22 19:08:24,https://www.thestar.com/sports/olympics/2016/08/21/team-canadas-success-in-rio-tempered-by-some-disappointment.html,https://www.reddit.com/r/dataisbeautiful/comments/4z271w/team_canadas_success_in_rio_tempered_by_some/,7,7,0,0,Team Canada’s success in Rio tempered by some disappointment Toronto Star,2016-08-0276.jpg,none,"sports, canada, olympics, rio, toronto star"
Ranking the States by Fiscal Condition 2016 Edition,megsee3,2016-08-23 01:58:12,http://mercatus.org/statefiscalrankings,https://www.reddit.com/r/dataisbeautiful/comments/4z44l9/ranking_the_states_by_fiscal_condition_2016/,33,33,0,28,Ranking the States by Fiscal Condition 2016 Edition,2016-08-0282.jpg,none,"economics, finance, government, us states"
"UK, England, Scotland, Wales regions weather data visualization [OC]",yashrajsingh,2016-08-23 08:31:57,https://uk-weather-analyzer.appspot.com/,https://www.reddit.com/r/dataisbeautiful/comments/4z5h31/uk_england_scotland_wales_regions_weather_data/,0,0,0,4,"UK, England, Scotland, Wales regions weather data visualization OC",2016-08-0283.jpg,none,none
The Party Politics of Stock-Market Investing,jimrosenz,2016-08-23 09:12:36,https://www.bloomberg.com/view/articles/2016-08-03/the-party-politics-of-stock-market-investing,https://www.reddit.com/r/dataisbeautiful/comments/4z5l1z/the_party_politics_of_stockmarket_investing/,0,0,0,0,The Party Politics of Stock-Market Investing,2016-08-0284.jpg,none,"politics, stock market, investing"
A 200-year transformation: How the National Mall became what it is today,mjoseff,2016-08-23 14:53:53,https://www.washingtonpost.com/graphics/lifestyle/the-evolution-of-the-national-mall/,https://www.reddit.com/r/dataisbeautiful/comments/4z6uif/a_200year_transformation_how_the_national_mall/,16,16,0,0,A 200-year transformation How the National Mall became what it is today,2016-08-0288.jpg,none,"history, urban development, architecture, national mall, transformation"
Last week only one XBOX360 was sold in Japan.,umuur,2016-08-23 18:00:52,http://www.vgchartz.com/tools/hw_date.php?reg=Japan&ending=Weekly,https://www.reddit.com/r/dataisbeautiful/comments/4z7tse/last_week_only_one_xbox360_was_sold_in_japan/,8,8,0,1,Last week only one XBOX360 was sold in Japan.,2016-08-0291.jpg,none,"video games, sales, marketing, japan"
The top ride app in every country (though its mostly Uber),joefish515,2016-08-23 19:29:16,https://www.similarweb.com/blog/worldwide-ride-hailing-apps,https://www.reddit.com/r/dataisbeautiful/comments/4z8a8u/the_top_ride_app_in_every_country_though_its/,5,5,0,0,The top ride app in every country (though its mostly Uber),2016-08-0293.jpg,none,none
"A woman wearing make up is rated more competent, intelligent, authentic, trustworthy, and confident [OC]",eraser_dust,2016-08-24 00:08:51,http://workingwithmonolids.blogspot.com/2016/08/makeup-is-damn-important-no-shit.html,https://www.reddit.com/r/dataisbeautiful/comments/4z9nad/a_woman_wearing_make_up_is_rated_more_competent/,292,292,0,87,"A woman wearing make up is rated more competent, intelligent, authentic, trustworthy, and confident OC",2016-08-0298.jpg,none,"perceptions, appearance, social psychology"
Americas top colleges for Olympic medals,hlake,2016-08-24 05:48:30,http://www.marketwatch.com/story/this-is-the-no-1-college-in-america-for-olympic-medals-2016-08-18,https://www.reddit.com/r/dataisbeautiful/comments/4zb1vx/americas_top_colleges_for_olympic_medals/,8,8,0,0,Americas top colleges for Olympic medals,2016-08-0299.jpg,none,"sports, olympics, college, medals, swimming"
How NYC Uses Energy - Urban Green Council [OC],fonix5,2016-08-24 14:14:43,http://urbangreencouncil.org/content/reports/new-york-city-energy-water-use-report,https://www.reddit.com/r/dataisbeautiful/comments/4zcrrg/how_nyc_uses_energy_urban_green_council_oc/,1,1,0,1,How NYC Uses Energy - Urban Green Council OC,2016-08-0307.jpg,none,"energy, nyc, urban planning, infrastructure"
"A visualization of how we spend every day of our lives, where each day is a jelly bean",DaveyTaco,2016-08-24 14:19:56,https://www.youtube.com/watch?v=BOksW_NabEk,https://www.reddit.com/r/dataisbeautiful/comments/4zcsnt/a_visualization_of_how_we_spend_every_day_of_our/,34,34,0,8,"A visualization of how we spend every day of our lives, where each day is a jelly bean",2016-08-0309.jpg,none,none
Over 400 Counties at Risk Following Mass Exodus of Mega-Insurers from Obamacare: Visualizing the data,magenta_placenta,2016-08-24 16:26:00,http://blog.enigma.io/over-400-counties-at-risk-following-mass-exodus-of-mega-insurers-from-obamacare-visualizing-the-data/,https://www.reddit.com/r/dataisbeautiful/comments/4zdf6r/over_400_counties_at_risk_following_mass_exodus/,3,3,0,3,Over 400 Counties at Risk Following Mass Exodus of Mega-Insurers from Obamacare Visualizing the data,2016-08-0311.jpg,none,"healthcare, insurance, economics"
Undergrads at Pac-12 Universities by Ethnicity according to US Dep. of Education [OC],badjazzmaverick,2016-08-24 17:18:48,http://www.wildcat.arizona.edu/article/2016/08/uas-entering-class-set-to-be-most-diverse-ever,https://www.reddit.com/r/dataisbeautiful/comments/4zdo3w/undergrads_at_pac12_universities_by_ethnicity/,2,2,0,2,Undergrads at Pac-12 Universities by Ethnicity according to US Dep. of Education OC,2016-08-0313.jpg,none,none
"The newly discovered nearby exoplanet ""Proxima b"" is bombarded with up to 8 superflares per year! [OC]",Mock_Twain,2016-08-24 19:39:39,http://www.ifweassume.com/2016/08/flares-on-proxima-cen.html,https://www.reddit.com/r/dataisbeautiful/comments/4zedmi/the_newly_discovered_nearby_exoplanet_proxima_b/,12,12,0,3,The newly discovered nearby exoplanet Proxima b is bombarded with up to 8 superflares per year! OC,2016-08-0314.jpg,none,"astronomy, exoplanets, space, proxima b, superflares"
The Countries Where Women Won More Medals Than Men in Rio,kartik_sundar,2016-08-25 02:14:55,http://www.nytimes.com/interactive/2016/08/24/sports/olympics/countries-where-women-won-more-medals-than-men-in-rio.html,https://www.reddit.com/r/dataisbeautiful/comments/4zg8gp/the_countries_where_women_won_more_medals_than/,3,3,0,5,The Countries Where Women Won More Medals Than Men in Rio,2016-08-0319.jpg,none,"sports, olympics, gender equality, medals, 2016"
Who holds the world record for the longest held world record?,gurmanbh,2016-08-25 07:07:00,http://www.hindustantimes.com/static/olympics/longest-world-record/?gender=Men&event=400%20m,https://www.reddit.com/r/dataisbeautiful/comments/4zhaeh/who_holds_the_world_record_for_the_longest_held/,10,10,0,2,Who holds the world record for the longest held world record,2016-08-0323.jpg,none,"sports, world records, athletics"
We Use A Whole Bunch Of Energy Every Summer (And A Lot Of It Goes To Waste),DATA_Visualised,2016-08-25 15:05:06,http://fivethirtyeight.com/features/we-use-a-whole-bunch-of-energy-every-summer-and-a-lot-of-it-goes-to-waste/?ex_cid=538twitter,https://www.reddit.com/r/dataisbeautiful/comments/4zixsd/we_use_a_whole_bunch_of_energy_every_summer_and_a/,7,7,0,1,We Use A Whole Bunch Of Energy Every Summer (And A Lot Of It Goes To Waste),2016-08-0332.jpg,none,none
"Median Income Is Down, But Public College Tuition Is Way Up",AdamHSays,2016-08-25 18:24:10,https://projects.propublica.org/graphics/publictuition,https://www.reddit.com/r/dataisbeautiful/comments/4zk05f/median_income_is_down_but_public_college_tuition/,2757,2757,0,594,"Median Income Is Down, But Public College Tuition Is Way Up",2016-08-0334.jpg,none,none
Instagram’s Blind Spot - Chicago as a case study in the limitations of social media datasets,vI-_-Iv,2016-08-25 20:15:04,http://partiallyderivative.com/resources/2016/08/03/instagrams-blind-spot,https://www.reddit.com/r/dataisbeautiful/comments/4zklru/instagrams_blind_spot_chicago_as_a_case_study_in/,1,1,0,0,Instagram’s Blind Spot - Chicago as a case study in the limitations of social media datasets,2016-08-0336.jpg,none,"social media, limitations, datasets, chicago"
Game Industry Salaries [OC],sled,2016-08-25 23:29:18,https://orcahq.com/blog/game-industry-salary-explorer,https://www.reddit.com/r/dataisbeautiful/comments/4zljyn/game_industry_salaries_oc/,383,383,0,35,Game Industry Salaries OC,2016-08-0340.jpg,none,"employment, gaming industry"
Searching for aliens: OpenCV on LandSat data,darni01,2016-08-26 11:30:15,http://www.machinalis.com/blog/searching-for-aliens/,https://www.reddit.com/r/dataisbeautiful/comments/4zo49c/searching_for_aliens_opencv_on_landsat_data/,8,8,0,0,Searching for aliens OpenCV on LandSat data,2016-08-0344.jpg,none,"aliens, opencv, landsat, space exploration, technology"
Interactive Map of Every College Football Player's Hometown,HighlyLeveraged,2016-08-26 12:46:50,http://rukkus.com/blog/college-football-player-hometowns/,https://www.reddit.com/r/dataisbeautiful/comments/4zoetg/interactive_map_of_every_college_football_players/,8,8,0,5,Interactive Map of Every College Football Player's Hometown,2016-08-0345.jpg,none,none
Interactive 3D Map of planet Mercury,tomslavkovsky,2016-08-26 14:44:26,"https://www.melown.com/mercury/?pos=obj,-26.095861969956957,18.632315702102826,float,0.00,4.99,-90.00,0.00,5091094.77,90.00",https://www.reddit.com/r/dataisbeautiful/comments/4zoxvb/interactive_3d_map_of_planet_mercury/,11,11,0,1,Interactive 3D Map of planet Mercury,2016-08-0348.jpg,none,"space, astronomy, mercury, planets"
Visually satisfying cluster map of 250 key companies in the travel industry.,MatchuTheGreat,2016-08-26 17:29:45,https://skift.com/traveltech250/,https://www.reddit.com/r/dataisbeautiful/comments/4zpst3/visually_satisfying_cluster_map_of_250_key/,2,2,0,1,Visually satisfying cluster map of 250 key companies in the travel industry.,2016-08-0353.jpg,none,"travel, technology, companies, business, clusters"
All airplanes currently in the air around the world,KostiC_,2016-08-26 17:38:26,https://planefinder.net/,https://www.reddit.com/r/dataisbeautiful/comments/4zpugv/all_airplanes_currently_in_the_air_around_the/,70,70,0,7,All airplanes currently in the air around the world,2016-08-0354.jpg,none,"aviation, transportation, geography"
Grindr’s Olympic Statistics Reveal Who Was Getting The Most Action In Rio,xbettel,2016-08-26 22:18:59,http://www.grindr.com/olympics/,https://www.reddit.com/r/dataisbeautiful/comments/4zr8jm/grindrs_olympic_statistics_reveal_who_was_getting/,1,1,0,3,Grindr’s Olympic Statistics Reveal Who Was Getting The Most Action In Rio,2016-08-0360.jpg,none,none
Pokemon Go Spawn % rates by time [OC],datasaurus-rex,2016-08-27 16:03:05,http://datasaurus-rex.com/tools/pokemon-go-spawn-rate-data-viz,https://www.reddit.com/r/dataisbeautiful/comments/4zuu01/pokemon_go_spawn_rates_by_time_oc/,5,5,0,2,Pokemon Go Spawn % rates by time OC,2016-08-0363.jpg,none,"gaming, pokémon go, spawn rates, data visualization"
Make America Tall Again? Height Stagnation in the 20th Century,jimrosenz,2016-08-28 03:54:32,https://priceonomics.com/where-are-the-tallest-people-in-the-world/,https://www.reddit.com/r/dataisbeautiful/comments/4zxtgs/make_america_tall_again_height_stagnation_in_the/,16,16,0,8,Make America Tall Again Height Stagnation in the 20th Century,2016-08-0371.jpg,none,none
Unemployed Italians Lead Europe in Abandoning Job Hunt,jimrosenz,2016-08-29 09:02:05,http://www.bloomberg.com/news/articles/2016-08-29/unemployed-italians-lead-europe-in-abandoning-job-hunt-chart?utm_content=business&utm_campaign=socialflow-organic&utm_source=twitter&utm_medium=social&cmpid%3D=socialflow-twitter-business,https://www.reddit.com/r/dataisbeautiful/comments/5043r6/unemployed_italians_lead_europe_in_abandoning_job/,102,102,0,39,Unemployed Italians Lead Europe in Abandoning Job Hunt,2016-08-0377.jpg,none,none
Map of meteorite landing observations,TalentedGorilla,2016-08-30 00:33:43,https://www.datazar.com/file/f7c1a8c16-897c-40eb-a4a8-96d82e3ec1e1,https://www.reddit.com/r/dataisbeautiful/comments/508c29/map_of_meteorite_landing_observations/,9,9,0,0,Map of meteorite landing observations,2016-08-0382.jpg,none,none
"Google Street View has conquered four continents (N. & S. America, Europe, Australasia) but most of Africa, Middle East, Central Asia and China remains unexplored (at least by Google)",uninhabited,2016-08-30 07:16:13,https://www.google.com/streetview/understand/,https://www.reddit.com/r/dataisbeautiful/comments/509vwt/google_street_view_has_conquered_four_continents/,1,1,0,3,"Google Street View has conquered four continents (N. & S. America, Europe, Australasia) but most of Africa, Middle East, Central Asia and China remain",2016-08-0384.jpg,none,none
America's lottery love affair: Powerball jackpot winners by state and which states make the most revenue from lottery games.,toolroomknights,2016-08-30 15:21:54,http://www.technavio.com/blog/americas-love-affair-lottery-all-time-high,https://www.reddit.com/r/dataisbeautiful/comments/50bngx/americas_lottery_love_affair_powerball_jackpot/,11,11,0,2,America's lottery love affair Powerball jackpot winners by state and which states make the most revenue from lottery games.,2016-08-0389.jpg,none,none
Why Serena Williams is one of the greatest tennis players of all time [OC],QuarterPounderz,2016-08-30 16:12:48,http://www.latimes.com/projects/la-sp-serena-williams-greatest-all-time/,https://www.reddit.com/r/dataisbeautiful/comments/50bww3/why_serena_williams_is_one_of_the_greatest_tennis/,5,5,0,3,Why Serena Williams is one of the greatest tennis players of all time OC,2016-08-0391.jpg,none,"tennis, sports, athletes"
Animated Mean Centers of US Population: 1790 to 2010,crausality,2016-08-30 19:16:34,https://www.census.gov/geo/reference/centersofpop/animatedmean2010.html,https://www.reddit.com/r/dataisbeautiful/comments/50cvr2/animated_mean_centers_of_us_population_1790_to/,3,3,0,1,Animated Mean Centers of US Population 1790 to 2010,2016-08-0392.jpg,none,none
Here's what we know about when and how Texas police shoot at peopl [OC],joliesky,2016-08-31 00:45:43,https://apps.texastribune.org/unholstered/,https://www.reddit.com/r/dataisbeautiful/comments/50egya/heres_what_we_know_about_when_and_how_texas/,23,23,0,5,Here's what we know about when and how Texas police shoot at peopl OC,2016-08-0394.jpg,none,"law enforcement, texas, police shootings, criminal justice, use of force"
CARMA - Carbon Monitoring for Action,233C,2016-08-31 04:57:25,http://carma.org/,https://www.reddit.com/r/dataisbeautiful/comments/50fipu/carma_carbon_monitoring_for_action/,5,5,0,0,CARMA - Carbon Monitoring for Action,2016-08-0397.jpg,none,"carbon, environment, monitoring, data, technology"
How Much Your Olympic Medal Is Worth -- And Other Olympic Questions,kanhy,2016-08-31 20:14:57,http://community.wolfram.com/groups/-/m/t/908874,https://www.reddit.com/r/dataisbeautiful/comments/50j994/how_much_your_olympic_medal_is_worth_and_other/,7,7,0,2,How Much Your Olympic Medal Is Worth -- And Other Olympic Questions,2016-08-0401.jpg,none,none
