title,author,created_date,url,full_permalink,score,ups,downs,num_comments,sanitized_title,image_file
[OC] 1 minute. $2B Growth. 10 Years of Investing,LeverageShares,2023-06-01,https://v.redd.it/mrmy5fzf5d3b1,https://www.reddit.com/r/dataisbeautiful/comments/13xbkcs/oc_1_minute_2b_growth_10_years_of_investing/,0,0,0,8,OC 1 minute. $2B Growth. 10 Years of Investing,2023-06-0000.png
Where in Europe do people smoke the most and the least?,MickeyMouseRapedMe,2023-06-01,https://www.euronews.com/next/2023/05/31/smoking-in-europe-which-countries-are-the-most-and-least-addicted-to-tobacco-and-vaping,https://www.reddit.com/r/dataisbeautiful/comments/13xcdg7/where_in_europe_do_people_smoke_the_most_and_the/,13,13,0,2,Where in Europe do people smoke the most and the least,2023-06-0001.jpg
Mobile Gaming Apps That Are The Most Data Hungry [OC],Any-Researcher-9549,2023-06-01,https://i.redd.it/gb3zkpxhhd3b1.png,https://www.reddit.com/r/dataisbeautiful/comments/13xcmm2/mobile_gaming_apps_that_are_the_most_data_hungry/,0,0,0,4,Mobile Gaming Apps That Are The Most Data Hungry OC,2023-06-0002.png
[OC] Visualizing the street networks of European capitals with a recursive algorithm,desfirsit,2023-06-01,https://v.redd.it/pfztqn0oqd3b1,https://www.reddit.com/r/dataisbeautiful/comments/13xdjoc/oc_visualizing_the_street_networks_of_european/,682,682,0,50,OC Visualizing the street networks of European capitals with a recursive algorithm,2023-06-0003.png
"[OC] Daily Sea Surface Temperature with El-Nino Events. Very Strong El-Nino often occurs when the ""365 day moving avg"" or ""730 day moving avg"" experiences a significant increase.",hendra64,2023-06-01,https://i.redd.it/e792v7pxxd3b1.png,https://www.reddit.com/r/dataisbeautiful/comments/13xe6pb/oc_daily_sea_surface_temperature_with_elnino/,35,35,0,6,OC Daily Sea Surface Temperature with El-Nino Events. Very Strong El-Nino often occurs when the 365 day moving avg or 730 day moving avg experiences a,2023-06-0004.png
[OC] Cities by Impressiveness of Mountain Backdrop / Rut,Gigitoe,2023-06-01,https://i.redd.it/k4lr6uo4se3b1.png,https://www.reddit.com/r/dataisbeautiful/comments/13xho5i/oc_cities_by_impressiveness_of_mountain_backdrop/,676,676,0,154,OC Cities by Impressiveness of Mountain Backdrop Rut,2023-06-0005.png
[OC] Population size comparison between nations with and without nuclear weapons (reposted because it was taken down),DataSittingAlone,2023-06-01,https://i.redd.it/0yoq70cb0g3b1.jpg,https://www.reddit.com/r/dataisbeautiful/comments/13xnzd6/oc_population_size_comparison_between_nations/,2206,2206,0,264,OC Population size comparison between nations with and without nuclear weapons (reposted because it was taken down),2023-06-0006.jpg
[OC] A global perspective on foreign influence.,Premise_Data,2023-06-01,https://i.redd.it/v7ew58f5zg3b1.png,https://www.reddit.com/r/dataisbeautiful/comments/13xt1jt/oc_a_global_perspective_on_foreign_influence/,15,15,0,3,OC A global perspective on foreign influence.,2023-06-0007.png
[OC] 'living standards' of the US states ‚Äì 2020 election,terrykrohe,2023-06-01,https://i.redd.it/vtgjkd2kih3b1.png,https://www.reddit.com/r/dataisbeautiful/comments/13xvqcn/oc_living_standards_of_the_us_states_2020_election/,3,3,0,3,OC 'living standards' of the US states ‚Äì 2020 election,2023-06-0008.png
[OC] The Carbon Footprint Of Nearly Everything,OurEdenMedia,2023-06-01,https://v.redd.it/hbosnlp4kh3b1,https://www.reddit.com/r/dataisbeautiful/comments/13xvznn/oc_the_carbon_footprint_of_nearly_everything/,499,499,0,45,OC The Carbon Footprint Of Nearly Everything,2023-06-0009.png
[OC] Trust in Media 2023: What news outlets do Americans trust most for information?,YouGov_Official,2023-06-01,https://i.redd.it/zul2j6rhqh3b1.jpg,https://www.reddit.com/r/dataisbeautiful/comments/13xwtgn/oc_trust_in_media_2023_what_news_outlets_do/,6082,6082,0,1421,OC Trust in Media 2023 What news outlets do Americans trust most for information,2023-06-0010.jpg
"[OC] Keywords identified in world news on Thursday, June 1, 2023",mrdimosthenis,2023-06-02,https://i.redd.it/in23tqs5gk3b1.png,https://www.reddit.com/r/dataisbeautiful/comments/13y6zo5/oc_keywords_identified_in_world_news_on_thursday/,45,45,0,5,"OC Keywords identified in world news on Thursday, June 1, 2023",2023-06-0011.png
[OC] Visualizing NRL Team Performance: An Interactive 3D Timeline,supermarket_london,2023-06-02,https://v.redd.it/o8ytccvktl3b1,https://www.reddit.com/r/dataisbeautiful/comments/13yce8y/oc_visualizing_nrl_team_performance_an/,1,1,0,1,OC Visualizing NRL Team Performance An Interactive 3D Timeline,2023-06-0012.png
[OC] The Search for LiFePo4 Outside of China,Metalytiq,2023-06-02,https://i.redd.it/ite96b0pwm3b1.jpg,https://www.reddit.com/r/dataisbeautiful/comments/13yhxl0/oc_the_search_for_lifepo4_outside_of_china/,29,29,0,8,OC The Search for LiFePo4 Outside of China,2023-06-0013.jpg
[OC] Rolling Premier League Performance - Spurs,dzejms22,2023-06-02,https://i.redd.it/xe68hzhb0o3b1.png,https://www.reddit.com/r/dataisbeautiful/comments/13yo7gw/oc_rolling_premier_league_performance_spurs/,22,22,0,3,OC Rolling Premier League Performance - Spurs,2023-06-0014.png
[OC] 'Stripes' chart showing biodiversity loss since 1970 in world's regions,sdbernard,2023-06-03,https://i.redd.it/plyv3qsfrr3b1.png,https://www.reddit.com/r/dataisbeautiful/comments/13z6tyl/oc_stripes_chart_showing_biodiversity_loss_since/,415,415,0,68,OC 'Stripes' chart showing biodiversity loss since 1970 in world's regions,2023-06-0015.png
States where Teacher salaries are % higher than average salaries of other Occupations (2020),AlexTheDataExplorer,2023-06-03,https://openaxis.com/visualizations/13189,https://www.reddit.com/r/dataisbeautiful/comments/13z9uyf/states_where_teacher_salaries_are_higher_than/,53,53,0,43,States where Teacher salaries are % higher than average salaries of other Occupations (2020),2023-06-0016.jpg
[OC] Countries with largest exports 1990 vs 2021,giteam,2023-06-03,https://i.redd.it/s4maxvolls3b1.png,https://www.reddit.com/r/dataisbeautiful/comments/13zanm1/oc_countries_with_largest_exports_1990_vs_2021/,13177,13177,0,1486,OC Countries with largest exports 1990 vs 2021,2023-06-0017.png
[OC] The entire history of Premier League teams in one chart ‚öΩÔ∏èüìà,mihalonsky,2023-06-04,https://i.redd.it/jy4hqcrw5z3b1.png,https://www.reddit.com/r/dataisbeautiful/comments/1408bq2/oc_the_entire_history_of_premier_league_teams_in/,5348,5348,0,413,OC The entire history of Premier League teams in one chart ‚öΩÔ∏èüìà,2023-06-0018.png
Lisbon Population Density based on Kontur data,lbarqueira,2023-06-04,https://twitter.com/StatsOfPortugal/status/1665411153520984069?t=HwryKKbHnqv2TAgnNlf41w&s=19,https://www.reddit.com/r/dataisbeautiful/comments/140l64y/lisbon_population_density_based_on_kontur_data/,15,15,0,1,Lisbon Population Density based on Kontur data,2023-06-0019.jpg
[OC] üç∑ Wine grouped by tasting notes (using NLP and semantic similarity),Longjumping-Ad1265,2023-06-05,https://v.redd.it/kwa1kgl7074b1,https://www.reddit.com/r/dataisbeautiful/comments/141cx1n/oc_wine_grouped_by_tasting_notes_using_nlp_and/,2072,2072,0,77,OC üç∑ Wine grouped by tasting notes (using NLP and semantic similarity),2023-06-0020.png
The Value of Data Visualization for Data Science Professionals,Emily-joe,2023-06-05,https://www.dasca.org/world-of-big-data/article/the-value-of-data-visualization-for-data-science-professionals,https://www.reddit.com/r/dataisbeautiful/comments/141e5z1/the_value_of_data_visualization_for_data_science/,20,20,0,0,The Value of Data Visualization for Data Science Professionals,2023-06-0021.jpg
Climate change: How is my country doing on tackling it?,Sunchy,2023-06-05,https://www.bbc.co.uk/news/science-environment-65754296,https://www.reddit.com/r/dataisbeautiful/comments/141ftf4/climate_change_how_is_my_country_doing_on/,46,46,0,5,Climate change How is my country doing on tackling it,2023-06-0022.jpg
One Month Stay in New England Cost Breakdown [OC],ZimofZord,2023-06-05,https://i.redd.it/fv90hoewa84b1.jpg,https://www.reddit.com/r/dataisbeautiful/comments/141kjqx/one_month_stay_in_new_england_cost_breakdown_oc/,214,214,0,92,One Month Stay in New England Cost Breakdown OC,2023-06-0023.jpg
[OC] Evangelical Protestant Population by U.S. State,Bladedbro5,2023-06-06,https://i.redd.it/7t3rd2mwzb4b1.png,https://www.reddit.com/r/dataisbeautiful/comments/1424l29/oc_evangelical_protestant_population_by_us_state/,6020,6020,0,988,OC Evangelical Protestant Population by U.S. State,2023-06-0024.png
[OC] French Ligue1 Overview since 92 (based on mihalonksy OC for Premier League),TheKitof,2023-06-06,https://i.redd.it/dqo64r96jd4b1.png,https://www.reddit.com/r/dataisbeautiful/comments/142bf6w/oc_french_ligue1_overview_since_92_based_on/,71,71,0,18,OC French Ligue1 Overview since 92 (based on mihalonksy OC for Premier League),2023-06-0025.png
[OC] Looking into where Stars are Born - A Star Formation Simulation,Astro_Pheonix_100,2023-06-06,https://v.redd.it/uoqgoxkbld4b1,https://www.reddit.com/r/dataisbeautiful/comments/142br3s/oc_looking_into_where_stars_are_born_a_star/,92,92,0,2,OC Looking into where Stars are Born - A Star Formation Simulation,2023-06-0026.png
Track and Field World Record Progression (interactive chart),k1next,2023-06-06,https://vega.github.io/editor/?#/gist/0304961cb088acaabc1416c45cb47a6a/json/view,https://www.reddit.com/r/dataisbeautiful/comments/142eqr2/track_and_field_world_record_progression/,16,16,0,6,Track and Field World Record Progression (interactive chart),2023-06-0027.jpg
"The remarkable upsurge in US clean energy manufacturing, in charts",captainquirk,2023-06-06,https://www.canarymedia.com/articles/clean-energy-manufacturing/the-remarkable-upsurge-in-usclean-energy-manufacturing-in-charts,https://www.reddit.com/r/dataisbeautiful/comments/142gagz/the_remarkable_upsurge_in_us_clean_energy/,28,28,0,15,"The remarkable upsurge in US clean energy manufacturing, in charts",2023-06-0028.jpg
"[OC] An interactive SVG visualization of the benefits and drawbacks of 35 different password replacement schemes: from ""The Quest to Replace Passwords""",fz0718,2023-06-06,https://v.redd.it/5xt81rhu5f4b1,https://www.reddit.com/r/dataisbeautiful/comments/142kbfk/oc_an_interactive_svg_visualization_of_the/,108,108,0,13,OC An interactive SVG visualization of the benefits and drawbacks of 35 different password replacement schemes from The Quest to Replace Passwords,2023-06-0029.png
Lisbon Elevation Map with hillshade effects,lbarqueira,2023-06-06,https://twitter.com/StatsOfPortugal/status/1664644995561713671?t=iiSP22Z4UpHwxhkpgOUZaA&s=19,https://www.reddit.com/r/dataisbeautiful/comments/142liys/lisbon_elevation_map_with_hillshade_effects/,5,5,0,0,Lisbon Elevation Map with hillshade effects,2023-06-0030.jpg
[OC] AI's influence on the S&P 500,jcceagle,2023-06-06,https://v.redd.it/df4wpu14jg4b1,https://www.reddit.com/r/dataisbeautiful/comments/142s96x/oc_ais_influence_on_the_sp_500/,218,218,0,42,OC AI's influence on the S&P 500,2023-06-0031.png
Don't know how creditable but here a nice Website,Randomreddituser1o1,2023-06-06,https://www.whitehouse.gov/invest/?utm_source=invest.gov&s=09,https://www.reddit.com/r/dataisbeautiful/comments/142zl9t/dont_know_how_creditable_but_here_a_nice_website/,0,0,0,1,Don't know how creditable but here a nice Website,2023-06-0032.jpg
Largest Cybersecurity Breaches of All Time,chouprojects,2023-06-07,https://www.sapphire.net/insights/largest-cyber-breaches/,https://www.reddit.com/r/dataisbeautiful/comments/1438asp/largest_cybersecurity_breaches_of_all_time/,27,27,0,13,Largest Cybersecurity Breaches of All Time,2023-06-0033.jpg
"[OC] Median MLS Listing Price, Percent Change Year to Year, May 2022 to 2023, by County",michigician,2023-06-07,https://i.redd.it/hfqartngzn4b1.png,https://www.reddit.com/r/dataisbeautiful/comments/143ppfv/oc_median_mls_listing_price_percent_change_year/,100,100,0,9,"OC Median MLS Listing Price, Percent Change Year to Year, May 2022 to 2023, by County",2023-06-0034.png
[OC] Correlation matrix of various capital markets YTD,AnkaSchlotz,2023-06-07,https://i.redd.it/hary3c5u1o4b1.png,https://www.reddit.com/r/dataisbeautiful/comments/143q0wm/oc_correlation_matrix_of_various_capital_markets/,8,8,0,14,OC Correlation matrix of various capital markets YTD,2023-06-0035.png
[OC] How We Spend Time in Different Relationships,J0kerc01,2023-06-07,https://i.redd.it/v11gd74rho4b1.png,https://www.reddit.com/r/dataisbeautiful/comments/143s9yt/oc_how_we_spend_time_in_different_relationships/,1053,1053,0,57,OC How We Spend Time in Different Relationships,2023-06-0036.png
The Cumulative History of Major North American Sports Leagues [OC],CharcoalCharts,2023-06-08,https://v.redd.it/fhwhv4sk9q4b1,https://www.reddit.com/r/dataisbeautiful/comments/14402kv/the_cumulative_history_of_major_north_american/,65,65,0,6,The Cumulative History of Major North American Sports Leagues OC,2023-06-0037.png
[OC] Air pollution from Canadian wildfires: PM 2.5 particulate density in the continental United States,KyleHofmann,2023-06-08,https://i.redd.it/i1gwix9fmq4b1.png,https://www.reddit.com/r/dataisbeautiful/comments/1441bzr/oc_air_pollution_from_canadian_wildfires_pm_25/,284,284,0,48,OC Air pollution from Canadian wildfires PM 2.5 particulate density in the continental United States,2023-06-0038.png
[OC] The carbon budget remaining to keep global warming to 1.5C has halved in the past 3 years,sdbernard,2023-06-08,https://i.redd.it/jk7psbjfar4b1.png,https://www.reddit.com/r/dataisbeautiful/comments/1443khc/oc_the_carbon_budget_remaining_to_keep_global/,1928,1928,0,329,OC The carbon budget remaining to keep global warming to 1.5C has halved in the past 3 years,2023-06-0039.png
"Mapped: All of the World's Roads, by Continent",Zac_D6,2023-06-08,https://www.visualcapitalist.com/cp/road-map-of-the-world/,https://www.reddit.com/r/dataisbeautiful/comments/1449ihr/mapped_all_of_the_worlds_roads_by_continent/,20,20,0,1,"Mapped All of the World's Roads, by Continent",2023-06-0040.jpg
[OC] US Budget Growth by Department 1962-2022,datavizzzard,2023-06-08,https://v.redd.it/oo238qb7ts4b1,https://www.reddit.com/r/dataisbeautiful/comments/1449qh7/oc_us_budget_growth_by_department_19622022/,140,140,0,27,OC US Budget Growth by Department 1962-2022,2023-06-0041.png
[OC] Look How Exoplanet Discovery Slows Down After Kepler Mission Closure: Visualized NASA Datasets,Gaploid,2023-06-08,https://v.redd.it/h3vkofkrts4b1,https://www.reddit.com/r/dataisbeautiful/comments/1449y47/oc_look_how_exoplanet_discovery_slows_down_after/,42,42,0,2,OC Look How Exoplanet Discovery Slows Down After Kepler Mission Closure Visualized NASA Datasets,2023-06-0042.png
97% of climatologists agree human activity is causing climate change [OC],ILikeNeurons,2023-06-08,https://i.redd.it/f5kzs9fc5t4b1.jpg,https://www.reddit.com/r/dataisbeautiful/comments/144bew0/97_of_climatologists_agree_human_activity_is/,0,0,0,69,97% of climatologists agree human activity is causing climate change OC,2023-06-0043.jpg
"[OC] üá©üá¥ The Dominican Republic, a country 175x smaller than Brazil, is now witnessing a surprising trend - it's drawing double the number of tourists than South America's three largest countries - Argentina, Brazil, and Colombia.",latinometrics,2023-06-08,https://i.redd.it/tnnjqayjet4b1.png,https://www.reddit.com/r/dataisbeautiful/comments/144cq7z/oc_the_dominican_republic_a_country_175x_smaller/,1049,1049,0,281,"OC üá©üá¥ The Dominican Republic, a country 175x smaller than Brazil, is now witnessing a surprising trend - it's drawing double the number of tourists th",2023-06-0044.png
The State Of cat and dogs population and their homeless state arround the world,Brone9,2023-06-08,https://endpethomelessness.com/data-sources/,https://www.reddit.com/r/dataisbeautiful/comments/144d3gf/the_state_of_cat_and_dogs_population_and_their/,8,8,0,4,The State Of cat and dogs population and their homeless state arround the world,2023-06-0045.jpg
[OC] The Highest Grossing Movie Directors of All-time,Dremarious,2023-06-08,https://i.redd.it/pywte4oxrt4b1.jpg,https://www.reddit.com/r/dataisbeautiful/comments/144eor8/oc_the_highest_grossing_movie_directors_of_alltime/,9527,9527,0,612,OC The Highest Grossing Movie Directors of All-time,2023-06-0046.jpg
[OC] A round-trip flight from New York to San Francisco produces more emissions per passenger than the annual per capita emissions of 66 different countries and half of the allowable 2030 global emissions per capita if we want to achieve 2 degree stabilization,EngagingData,2023-06-08,https://i.redd.it/vlvzabmvut4b1.png,https://www.reddit.com/r/dataisbeautiful/comments/144f4sm/oc_a_roundtrip_flight_from_new_york_to_san/,450,450,0,244,OC A round-trip flight from New York to San Francisco produces more emissions per passenger than the annual per capita emissions of 66 different count,2023-06-0047.png
"[OC] correlation: IER, 'living standards' VS evangelical ‚Äì 2020 election",terrykrohe,2023-06-08,https://i.redd.it/j1xf12vvzv4b1.png,https://www.reddit.com/r/dataisbeautiful/comments/144q5cs/oc_correlation_ier_living_standards_vs/,12,12,0,5,"OC correlation IER, 'living standards' VS evangelical ‚Äì 2020 election",2023-06-0048.png
Non-Fic on Goodreads [OC],CharcoalCharts,2023-06-08,https://i.redd.it/zxocibki7w4b1.png,https://www.reddit.com/r/dataisbeautiful/comments/144r2y9/nonfic_on_goodreads_oc/,239,239,0,29,Non-Fic on Goodreads OC,2023-06-0049.png
Still early but there‚Äôs an uptick in SF drug arrests [OC],plafortune,2023-06-09,https://i.redd.it/1o6gx1dyyz4b1.jpg,https://www.reddit.com/r/dataisbeautiful/comments/1455sqg/still_early_but_theres_an_uptick_in_sf_drug/,0,0,0,21,Still early but there‚Äôs an uptick in SF drug arrests OC,2023-06-0050.jpg
Two Chinese writing systems [OC],Away-Pepper-9239,2023-06-09,https://i.redd.it/l43ufu3d805b1.png,https://www.reddit.com/r/dataisbeautiful/comments/14574dp/two_chinese_writing_systems_oc/,176,176,0,48,Two Chinese writing systems OC,2023-06-0051.png
% of land area covered by buildings and infrastructure on Lisbon - 3D,lbarqueira,2023-06-09,https://twitter.com/StatsOfPortugal/status/1667290321103859716?t=lY29zjjLfIL8j6mMP_12wA&s=19,https://www.reddit.com/r/dataisbeautiful/comments/145imfw/of_land_area_covered_by_buildings_and/,489,489,0,25,% of land area covered by buildings and infrastructure on Lisbon - 3D,2023-06-0052.jpg
[OC] Geologic map of Italy,Puzzled-Sherbet-7850,2023-06-10,https://i.redd.it/o7v4tf0nq65b1.jpg,https://www.reddit.com/r/dataisbeautiful/comments/145z6zz/oc_geologic_map_of_italy/,21339,21339,0,465,OC Geologic map of Italy,2023-06-0053.jpg
"[OC] I parsed 38k posts from r/ProgressPics to find out what the most common rate of weight loss is, and various factors that might influence that.",Humatim,2023-06-10,https://i.redd.it/2tyuij5dg75b1.png,https://www.reddit.com/r/dataisbeautiful/comments/1462f46/oc_i_parsed_38k_posts_from_rprogresspics_to_find/,319,319,0,37,"OC I parsed 38k posts from rProgressPics to find out what the most common rate of weight loss is, and various factors that might influence that.",2023-06-0054.png
"[OC] ""I Think You Should Leave"" skit ranking",localfield,2023-06-10,https://i.redd.it/7m0q5pqm185b1.png,https://www.reddit.com/r/dataisbeautiful/comments/14659s3/oc_i_think_you_should_leave_skit_ranking/,47,47,0,8,OC I Think You Should Leave skit ranking,2023-06-0055.png
[OC] Registered vehicles by Country,whjkhn,2023-06-10,https://i.redd.it/ynhyngnm4a5b1.png,https://www.reddit.com/r/dataisbeautiful/comments/146f4aj/oc_registered_vehicles_by_country/,396,396,0,142,OC Registered vehicles by Country,2023-06-0056.png
"Built-up Land Change in Lisbon, 2000-2020",lbarqueira,2023-06-11,https://twitter.com/StatsOfPortugal/status/1662083794067750914?t=_uokQv26_ry2JRDqu4Trmg&s=19,https://www.reddit.com/r/dataisbeautiful/comments/146rul1/builtup_land_change_in_lisbon_20002020/,4,4,0,0,"Built-up Land Change in Lisbon, 2000-2020",2023-06-0057.jpg
[OC] Highlights shown by Grand Slam tournaments on their YouTube channels on 2022,0o0o_ooo,2023-06-11,https://i.redd.it/e1m4g5w7wd5b1.png,https://www.reddit.com/r/dataisbeautiful/comments/146syjg/oc_highlights_shown_by_grand_slam_tournaments_on/,79,79,0,3,OC Highlights shown by Grand Slam tournaments on their YouTube channels on 2022,2023-06-0058.png
‚õ∞Ô∏è Mountains of the Alps by Rise Above Surroundings / Jut [OC],Gigitoe,2023-06-11,https://i.redd.it/bksk8ik21e5b1.png,https://www.reddit.com/r/dataisbeautiful/comments/146ti9z/mountains_of_the_alps_by_rise_above_surroundings/,62,62,0,3,‚õ∞Ô∏è Mountains of the Alps by Rise Above Surroundings Jut OC,2023-06-0059.png
Las Vegas weekend hotel prices (Friday + Saturday + resort fees + taxes) through September. [OC],LineChatter,2023-06-11,https://i.redd.it/ejpiowzf2f5b1.png,https://www.reddit.com/r/dataisbeautiful/comments/146ygyx/las_vegas_weekend_hotel_prices_friday_saturday/,156,156,0,36,Las Vegas weekend hotel prices (Friday + Saturday + resort fees + taxes) through September. OC,2023-06-0060.png
[OC] The average 9 inning baseball game is 21 minutes less than in the 2010s,Chris_Whaley,2023-06-14,https://i.redd.it/lkvq6cvpdz5b1.png,https://www.reddit.com/r/dataisbeautiful/comments/14975lu/oc_the_average_9_inning_baseball_game_is_21/,1574,1574,0,207,OC The average 9 inning baseball game is 21 minutes less than in the 2010s,2023-06-0061.png
[OC] How much reddit content likely went dark on June 12th?,joaopn,2023-06-14,https://i.redd.it/w8tfdet8dz5b1.png,https://www.reddit.com/r/dataisbeautiful/comments/1497ae4/oc_how_much_reddit_content_likely_went_dark_on/,29079,29079,0,1637,OC How much reddit content likely went dark on June 12th,2023-06-0062.png
[OC] California Cities by Impressiveness of Mountain Backdrop / Rut,Gigitoe,2023-06-14,https://i.redd.it/w3lwohkbtz5b1.png,https://www.reddit.com/r/dataisbeautiful/comments/14996x0/oc_california_cities_by_impressiveness_of/,97,97,0,13,OC California Cities by Impressiveness of Mountain Backdrop Rut,2023-06-0063.png
Rocket reusability enables increased reliability and launch cadence,darga89,2023-06-14,https://twitter.com/i/status/1668399552771297285,https://www.reddit.com/r/dataisbeautiful/comments/149a669/rocket_reusability_enables_increased_reliability/,13,13,0,4,Rocket reusability enables increased reliability and launch cadence,2023-06-0064.jpg
US CPI inflation is 6.5 mo. out of date upon release. This is a chart of the CPI with corrected dates. A simple linear projection suggests CPI targets may already be achieved.[OC],gatogetaway,2023-06-14,https://i.redd.it/ygzoc91c306b1.png,https://www.reddit.com/r/dataisbeautiful/comments/149am2i/us_cpi_inflation_is_65_mo_out_of_date_upon/,18,18,0,15,US CPI inflation is 6.5 mo. out of date upon release. This is a chart of the CPI with corrected dates. A simple linear projection suggests CPI targets,2023-06-0065.png
"UEFA Champions, Europa and Conference Leagues 2022/23. 96 teams, 407 games, about 1140 goals (penalty shootout counts as 1 goal for winner). ROSe classification takes into account game Results, Opponents strength and goal Scores [OC]",BuedaFixe,2023-06-14,https://i.redd.it/whagnb1r316b1.jpg,https://www.reddit.com/r/dataisbeautiful/comments/149fl88/uefa_champions_europa_and_conference_leagues/,14,14,0,1,"UEFA Champions, Europa and Conference Leagues 202223. 96 teams, 407 games, about 1140 goals (penalty shootout counts as 1 goal for winner). ROSe class",2023-06-0066.jpg
Map: These US states have the highest rates of long-term poverty,sillychillly,2023-06-14,https://finance.yahoo.com/news/map-us-states-long-term-poverty-133251861.html,https://www.reddit.com/r/dataisbeautiful/comments/149fx0z/map_these_us_states_have_the_highest_rates_of/,130,130,0,55,Map These US states have the highest rates of long-term poverty,2023-06-0067.jpg
[OC] Evolution of the career sack record in the NFL (American football),JPAnalyst,2023-06-14,https://i.redd.it/lh6d7ec1e16b1.jpg,https://www.reddit.com/r/dataisbeautiful/comments/149h0iy/oc_evolution_of_the_career_sack_record_in_the_nfl/,42,42,0,8,OC Evolution of the career sack record in the NFL (American football),2023-06-0068.jpg
[OC] UAE nuclear strategy and renewable production in comparable European countries,233C,2023-06-14,https://i.redd.it/8oz966prl16b1.png,https://www.reddit.com/r/dataisbeautiful/comments/149i75h/oc_uae_nuclear_strategy_and_renewable_production/,44,44,0,67,OC UAE nuclear strategy and renewable production in comparable European countries,2023-06-0069.png
"[OC] 1,626 Books Were Banned in America in 2022. I Reviewed All of Them",amad95,2023-06-14,https://i.redd.it/uqwnvaouc26b1.png,https://www.reddit.com/r/dataisbeautiful/comments/149lypo/oc_1626_books_were_banned_in_america_in_2022_i/,493,493,0,232,"OC 1,626 Books Were Banned in America in 2022. I Reviewed All of Them",2023-06-0070.png
"Layers of Lisbon: elevation, roads, green spaces, population",lbarqueira,2023-06-14,https://twitter.com/StatsOfPortugal/status/1668632533318381568?t=KqueKoSKwhg48NI9FaaHBg&s=19,https://www.reddit.com/r/dataisbeautiful/comments/149nbay/layers_of_lisbon_elevation_roads_green_spaces/,27,27,0,0,"Layers of Lisbon elevation, roads, green spaces, population",2023-06-0071.jpg
[OC] üèÄ Number of NBA championships,columns_ai,2023-06-14,https://i.redd.it/hndxjwmy536b1.png,https://www.reddit.com/r/dataisbeautiful/comments/149pba3/oc_number_of_nba_championships/,0,0,0,7,OC üèÄ Number of NBA championships,2023-06-0072.png
"[OC] Total reddit app downloads on Google Play Store as of June 14, 2023",IlliterateJedi,2023-06-14,https://i.redd.it/zdjswbylg36b1.png,https://www.reddit.com/r/dataisbeautiful/comments/149qjz4/oc_total_reddit_app_downloads_on_google_play/,6491,6491,0,1611,"OC Total reddit app downloads on Google Play Store as of June 14, 2023",2023-06-0073.png
"[OC] top 20 countries by GDP size, and electrification of their rail network (% of total route)",chipkali_lover,2023-06-15,https://i.redd.it/89cxw1lac56b1.jpg,https://www.reddit.com/r/dataisbeautiful/comments/149xd3q/oc_top_20_countries_by_gdp_size_and/,1355,1355,0,318,"OC top 20 countries by GDP size, and electrification of their rail network (% of total route)",2023-06-0074.jpg
[OC] Republicans and Democrats share values more than they think,jcceagle,2023-06-15,https://v.redd.it/3phpeq86d56b1,https://www.reddit.com/r/dataisbeautiful/comments/149xgci/oc_republicans_and_democrats_share_values_more/,27,27,0,34,OC Republicans and Democrats share values more than they think,2023-06-0075.png
[OC] Graph of financial correlations,kesor,2023-06-15,https://observablehq.com/d/a41c2b0161257b7e,https://www.reddit.com/r/dataisbeautiful/comments/14a0xpt/oc_graph_of_financial_correlations/,16,16,0,7,OC Graph of financial correlations,2023-06-0076.jpg
[OC] Big Man Touchdowns: The heaviest players in NFL history to score a touchdown (American Football),JPAnalyst,2023-06-15,https://i.redd.it/fcs6bqg8e66b1.jpg,https://www.reddit.com/r/dataisbeautiful/comments/14a177a/oc_big_man_touchdowns_the_heaviest_players_in_nfl/,147,147,0,40,OC Big Man Touchdowns The heaviest players in NFL history to score a touchdown (American Football),2023-06-0077.jpg
"Amid increasing concerns regarding data security, TikTok has announced plans to invest billions of dollars in Southeast Asia",CSmith89,2023-06-15,https://thedailyny.com/2023/06/15/amid-increasing-concerns-regarding-data-security-tiktok-has-announced-plans-to-invest-billions-of-dollars-in-southeast-asia/,https://www.reddit.com/r/dataisbeautiful/comments/14a25p3/amid_increasing_concerns_regarding_data_security/,0,0,0,2,"Amid increasing concerns regarding data security, TikTok has announced plans to invest billions of dollars in Southeast Asia",2023-06-0078.jpg
[OC] Performance of clubs with at least 10 UEFA Champions League appareances,TheKitof,2023-06-15,https://i.redd.it/whbbibqvn66b1.png,https://www.reddit.com/r/dataisbeautiful/comments/14a2eaa/oc_performance_of_clubs_with_at_least_10_uefa/,369,369,0,58,OC Performance of clubs with at least 10 UEFA Champions League appareances,2023-06-0079.png
"[OC] Pre-Industrial Population (250 BCE to 1700 CE): China vs Western Europe (Sources: https://en.wikipedia.org/wiki/Population_history_of_China, https://en.wikipedia.org/wiki/Demographics_of_Europe, History of Chinese Population Development by Ge Jianxiong)",zhuquanzhong,2023-06-15,https://i.redd.it/h97atky7896b1.png,https://www.reddit.com/r/dataisbeautiful/comments/14aexsa/oc_preindustrial_population_250_bce_to_1700_ce/,354,354,0,74,"OC Pre-Industrial Population (250 BCE to 1700 CE) China vs Western Europe (Sources httpsen.wikipedia.orgwikiPopulation_history_of_China, httpsen.wikip",2023-06-0080.png
[OC] Thirty years of Serie A appearances,Mz_74,2023-06-16,https://i.redd.it/fh92ek1tqb6b1.png,https://www.reddit.com/r/dataisbeautiful/comments/14ap6lr/oc_thirty_years_of_serie_a_appearances/,84,84,0,24,OC Thirty years of Serie A appearances,2023-06-0081.png
[OC] Most Popular Movie Genre Combinations (up to June 2023),shahinrostami,2023-06-16,https://v.redd.it/nnpw4fm7vc6b1,https://www.reddit.com/r/dataisbeautiful/comments/14at237/oc_most_popular_movie_genre_combinations_up_to/,2421,2421,0,84,OC Most Popular Movie Genre Combinations (up to June 2023),2023-06-0082.png
[OC] Volcanoes of Italy (as far as we know from the data we have),helloVizart,2023-06-16,https://i.redd.it/xkrpzphivc6b1.jpg,https://www.reddit.com/r/dataisbeautiful/comments/14at2rt/oc_volcanoes_of_italy_as_far_as_we_know_from_the/,436,436,0,30,OC Volcanoes of Italy (as far as we know from the data we have),2023-06-0083.jpg
[oc] Geology Of Africa (interactive),clippy-the-compass,2023-06-16,https://i.redd.it/dm28ce5mfd6b1.png,https://www.reddit.com/r/dataisbeautiful/comments/14av7jb/oc_geology_of_africa_interactive/,442,442,0,39,oc Geology Of Africa (interactive),2023-06-0084.png
[OC] Canada's population reaches 40 million,PietroViolo,2023-06-16,https://i.redd.it/vrwu6eflae6b1.jpg,https://www.reddit.com/r/dataisbeautiful/comments/14az7j8/oc_canadas_population_reaches_40_million/,2135,2135,0,546,OC Canada's population reaches 40 million,2023-06-0085.jpg
"""Like smoking 30 cigarettes in 8 hours: NYC‚Äôs air quality crisis, tallied,"" shows impact of Canadian wildfire smoke on lungs in a bar chart.",LudovicoSpecs,2023-06-16,https://gothamist.com/news/like-smoking-30-cigarettes-in-8-hours-nyc-air-quality-crisis-tallied,https://www.reddit.com/r/dataisbeautiful/comments/14aznt7/like_smoking_30_cigarettes_in_8_hours_nycs_air/,6596,6596,0,380,"Like smoking 30 cigarettes in 8 hours NYC‚Äôs air quality crisis, tallied, shows impact of Canadian wildfire smoke on lungs in a bar chart.",2023-06-0086.jpg
[OC] Intergenerational mobility around the globe ie. income persistence from parents to adult children,Spirited-Produce-405,2023-06-16,https://i.redd.it/yjzxokm0qe6b1.png,https://www.reddit.com/r/dataisbeautiful/comments/14b1cq3/oc_intergenerational_mobility_around_the_globe_ie/,60,60,0,33,OC Intergenerational mobility around the globe ie. income persistence from parents to adult children,2023-06-0087.png
[OC] Kansas Cities Ranked by Hill Views / Rut,Gigitoe,2023-06-16,https://i.redd.it/ec728f524f6b1.png,https://www.reddit.com/r/dataisbeautiful/comments/14b39hj/oc_kansas_cities_ranked_by_hill_views_rut/,80,80,0,16,OC Kansas Cities Ranked by Hill Views Rut,2023-06-0088.png
[OC] I asked ChatGPT what the favorite food is in every country and its respective color,shoop24,2023-06-16,https://app.simplerstory.com/story/iuHj6yh1S,https://www.reddit.com/r/dataisbeautiful/comments/14b4xpz/oc_i_asked_chatgpt_what_the_favorite_food_is_in/,0,0,0,20,OC I asked ChatGPT what the favorite food is in every country and its respective color,2023-06-0089.jpg
Cool life expectancy from 1950 to 2021,Randomreddituser1o1,2023-06-16,https://ourworldindata.org/life-expectancy,https://www.reddit.com/r/dataisbeautiful/comments/14ba2z1/cool_life_expectancy_from_1950_to_2021/,10,10,0,1,Cool life expectancy from 1950 to 2021,2023-06-0090.jpg
The peoples of the Ottoman Empire in 1893 [OC],actjuk,2023-06-16,https://i.redd.it/onipreuy1i6b1.png,https://www.reddit.com/r/dataisbeautiful/comments/14bgful/the_peoples_of_the_ottoman_empire_in_1893_oc/,71,71,0,29,The peoples of the Ottoman Empire in 1893 OC,2023-06-0091.png
Telephone Subscribers from 2008-2023 [OC],jira248,2023-06-17,https://i.redd.it/1rdpruur3m6b1.png,https://www.reddit.com/r/dataisbeautiful/comments/14bwi80/telephone_subscribers_from_20082023_oc/,0,0,0,17,Telephone Subscribers from 2008-2023 OC,2023-06-0092.png
Tennis Players That Held the Record for Most Grand Slam Titles in the Open Era (1968 - Present) [OC],iamtheguy55,2023-06-17,https://i.redd.it/xxtvw4y48m6b1.jpg,https://www.reddit.com/r/dataisbeautiful/comments/14bx43g/tennis_players_that_held_the_record_for_most/,2166,2166,0,227,Tennis Players That Held the Record for Most Grand Slam Titles in the Open Era (1968 - Present) OC,2023-06-0093.jpg
[OC] When Data Science Meets Chess: CentipawnLoss (Measure of mistakes) - ELO (Strength) Correlation,Freudian-MouseSlip,2023-06-17,https://medium.com/@enzo.leon/data-science-and-chess-centipawn-loss-elo-correlation-e06089efd8b8,https://www.reddit.com/r/dataisbeautiful/comments/14c3bvp/oc_when_data_science_meets_chess_centipawnloss/,16,16,0,13,OC When Data Science Meets Chess CentipawnLoss (Measure of mistakes) - ELO (Strength) Correlation,2023-06-0094.jpg
[OC] visualizing nuclear proliferation using trade networks,gygodard,2023-06-18,https://v.redd.it/c0cqbrcq5r6b1,https://www.reddit.com/r/dataisbeautiful/comments/14ch041/oc_visualizing_nuclear_proliferation_using_trade/,170,170,0,11,OC visualizing nuclear proliferation using trade networks,2023-06-0095.png
[OC] animation of sea surface temperature anomalies in the Atlantic Ocean and eastern Paciifc,sdbernard,2023-06-18,https://v.redd.it/lnpx3fgv8s6b1,https://www.reddit.com/r/dataisbeautiful/comments/14cl6we/oc_animation_of_sea_surface_temperature_anomalies/,3181,3181,0,253,OC animation of sea surface temperature anomalies in the Atlantic Ocean and eastern Paciifc,2023-06-0096.png
"[OC] Need help with data visualization. Top 5 efficient configurations for a coaxial UAV system with respect to coaxial separation distance, front motor speed, back motor speed, front propeller pitch, and back propeller pitch.",Standard_Ad1537,2023-06-18,https://i.redd.it/3rk7pps99u6b1.png,https://www.reddit.com/r/dataisbeautiful/comments/14curs2/oc_need_help_with_data_visualization_top_5/,13,13,0,10,"OC Need help with data visualization. Top 5 efficient configurations for a coaxial UAV system with respect to coaxial separation distance, front motor",2023-06-0097.png
"[OC] Meet 'Auratura', a system that translates real-time audio data into unique AI generated poems and reciting - [More info in comments]",Chuka444,2023-06-18,https://v.redd.it/enfe6l1zjv6b1,https://www.reddit.com/r/dataisbeautiful/comments/14d0i6l/oc_meet_auratura_a_system_that_translates/,48,48,0,3,"OC Meet 'Auratura', a system that translates real-time audio data into unique AI generated poems and reciting - More info in comments",2023-06-0098.png
[OC] Three-month job search as ME master in Taiwan,TylerOverlord,2023-06-19,https://i.redd.it/klp1bty9tw6b1.png,https://www.reddit.com/r/dataisbeautiful/comments/14d5dov/oc_threemonth_job_search_as_me_master_in_taiwan/,1955,1955,0,192,OC Three-month job search as ME master in Taiwan,2023-06-0099.png
"[OC] Mentions of the word ""sleep"" in chat conversations with my partner",vier-zwo,2023-06-19,https://i.redd.it/jeb8yu3blx6b1.png,https://www.reddit.com/r/dataisbeautiful/comments/14d84t6/oc_mentions_of_the_word_sleep_in_chat/,850,850,0,59,OC Mentions of the word sleep in chat conversations with my partner,2023-06-0100.png
[OC] My latest hiring round visualised with a Sankey diagram,haruspicat,2023-06-19,https://i.redd.it/uk8j17rsey6b1.png,https://www.reddit.com/r/dataisbeautiful/comments/14db4gc/oc_my_latest_hiring_round_visualised_with_a/,9,9,0,17,OC My latest hiring round visualised with a Sankey diagram,2023-06-0101.png
Comparing the total game consoles sold by Sony PlayStation and Microsoft Xbox [OC],statZwiki,2023-06-19,https://i.redd.it/nc8l637nsy6b1.png,https://www.reddit.com/r/dataisbeautiful/comments/14dcq7v/comparing_the_total_game_consoles_sold_by_sony/,3441,3441,0,573,Comparing the total game consoles sold by Sony PlayStation and Microsoft Xbox OC,2023-06-0102.png
"Location of Kickstarter campaigns, 2009-2020 (Top 30 only). Please feel free to suggest improvements! [OC] RStudio.",rewbis,2023-06-19,https://i.redd.it/1ovew1hbbz6b1.jpg,https://www.reddit.com/r/dataisbeautiful/comments/14df5hl/location_of_kickstarter_campaigns_20092020_top_30/,150,150,0,41,"Location of Kickstarter campaigns, 2009-2020 (Top 30 only). Please feel free to suggest improvements! OC RStudio.",2023-06-0103.jpg
[OC] Texas Cities Ranked by Mountain Backdrop / Rut,Gigitoe,2023-06-19,https://i.redd.it/x1zmithtez6b1.png,https://www.reddit.com/r/dataisbeautiful/comments/14dfodk/oc_texas_cities_ranked_by_mountain_backdrop_rut/,47,47,0,25,OC Texas Cities Ranked by Mountain Backdrop Rut,2023-06-0104.png
Motion Design visual representation of 5% of the world biodiversity in an area of 25% of Brazil,Remiddit,2023-06-19,https://twitter.com/StandMighty/status/1670823914144931843,https://www.reddit.com/r/dataisbeautiful/comments/14djm1h/motion_design_visual_representation_of_5_of_the/,5,5,0,2,Motion Design visual representation of 5% of the world biodiversity in an area of 25% of Brazil,2023-06-0105.jpg
THE BIG PICTURE: Abandoned Nuclear Power Projects (Interactive Map),no-mad,2023-06-19,https://www.powermag.com/interactive-map-abandoned-nuclear-power-projects/,https://www.reddit.com/r/dataisbeautiful/comments/14don30/the_big_picture_abandoned_nuclear_power_projects/,15,15,0,6,THE BIG PICTURE Abandoned Nuclear Power Projects (Interactive Map),2023-06-0106.jpg
Share of high-school diplomas with top grade up by 78% in Germany w.r.t. pre-pandemic levels [OC],k1next,2023-06-19,https://i.redd.it/zs3gncoad17b1.jpg,https://www.reddit.com/r/dataisbeautiful/comments/14dq0fi/share_of_highschool_diplomas_with_top_grade_up_by/,45,45,0,17,Share of high-school diplomas with top grade up by 78% in Germany w.r.t. pre-pandemic levels OC,2023-06-0107.jpg
Fatal road accidents in EU regions (NUTS 2),lbarqueira,2023-06-19,https://twitter.com/StatsOfPortugal/status/1670926493973639168?t=8KRpIZw-6xS1j0m3bDn_OQ&s=19,https://www.reddit.com/r/dataisbeautiful/comments/14du87z/fatal_road_accidents_in_eu_regions_nuts_2/,9,9,0,9,Fatal road accidents in EU regions (NUTS 2),2023-06-0108.jpg
[OC] Visualizing the Link Between High Altitude and Increased Suicide Rates,ApplesAreGood1312,2023-06-19,https://i.redd.it/t29kotm5f27b1.jpg,https://www.reddit.com/r/dataisbeautiful/comments/14dvjwz/oc_visualizing_the_link_between_high_altitude_and/,22,22,0,33,OC Visualizing the Link Between High Altitude and Increased Suicide Rates,2023-06-0109.jpg
[OC] US Treasury Yield Curve Animated the Last Year,devnamedsam,2023-06-19,https://v.redd.it/uimhsp68i27b1,https://www.reddit.com/r/dataisbeautiful/comments/14dvsma/oc_us_treasury_yield_curve_animated_the_last_year/,896,896,0,128,OC US Treasury Yield Curve Animated the Last Year,2023-06-0110.png
Simple One Piece PowerBI dashboard [OC],Taichou_NJx,2023-06-19,https://i.redd.it/ibj1ttc1u27b1.jpg,https://www.reddit.com/r/dataisbeautiful/comments/14dx8e7/simple_one_piece_powerbi_dashboard_oc/,13,13,0,7,Simple One Piece PowerBI dashboard OC,2023-06-0111.jpg
[OC] Time you spend in traffic vs when you leave for work using Google Distance Matrix API,SnooMacarons1028,2023-06-20,https://i.redd.it/pnvkkgrn047b1.png,https://www.reddit.com/r/dataisbeautiful/comments/14e24wu/oc_time_you_spend_in_traffic_vs_when_you_leave/,2334,2334,0,160,OC Time you spend in traffic vs when you leave for work using Google Distance Matrix API,2023-06-0112.png
"BYGE, a real time visualization of precipitation, comparing it to all time highs and yearly records, in Europe's wettest major city, Bergen (Norway). By Kristian G. Einarsen.",SjalabaisWoWS,2023-06-20,https://www.bergen.kommune.no/hvaskjer/bymiljo/endelig-har-bergen-fatt-nedborsmaler,https://www.reddit.com/r/dataisbeautiful/comments/14e32kv/byge_a_real_time_visualization_of_precipitation/,18,18,0,0,"BYGE, a real time visualization of precipitation, comparing it to all time highs and yearly records, in Europe's wettest major city, Bergen (Norway).",2023-06-0113.jpg
"[OC] German high-school diploma: more good grades, fewer bad grades",k1next,2023-06-20,https://i.redd.it/2ja6df4e757b1.png,https://www.reddit.com/r/dataisbeautiful/comments/14e6f1n/oc_german_highschool_diploma_more_good_grades/,137,137,0,49,"OC German high-school diploma more good grades, fewer bad grades",2023-06-0114.png
[OC] Electric Vehicle Sales by Country fomr 2011 to 2022,PieChartPirate,2023-06-20,https://v.redd.it/k5ker1lms67b1,https://www.reddit.com/r/dataisbeautiful/comments/14edc4a/oc_electric_vehicle_sales_by_country_fomr_2011_to/,1785,1785,0,535,OC Electric Vehicle Sales by Country fomr 2011 to 2022,2023-06-0115.png
[OC] EU defence spending vs distance to Moscow,nth_citizen,2023-06-20,https://i.redd.it/qy7sqhe1u67b1.png,https://www.reddit.com/r/dataisbeautiful/comments/14edjh2/oc_eu_defence_spending_vs_distance_to_moscow/,941,941,0,170,OC EU defence spending vs distance to Moscow,2023-06-0116.png
[OC] Stanford Alumni 5x More Likely to Secure VC Funding Than Carnegie Mellon,loondri,2023-06-20,https://i.redd.it/ifloajxcq87b1.png,https://www.reddit.com/r/dataisbeautiful/comments/14enrul/oc_stanford_alumni_5x_more_likely_to_secure_vc/,34,34,0,16,OC Stanford Alumni 5x More Likely to Secure VC Funding Than Carnegie Mellon,2023-06-0117.png
[OC]: Music streaming revenue percentage in the US,data-leon,2023-06-21,https://i.redd.it/hnsn8zycge7b1.png,https://www.reddit.com/r/dataisbeautiful/comments/14fco3x/oc_music_streaming_revenue_percentage_in_the_us/,219,219,0,35,OC Music streaming revenue percentage in the US,2023-06-0118.png
Visualizing Annual Working Hours in OECD Countries,alex11263jesus,2023-06-21,https://www.visualcapitalist.com/annual-working-hours-in-countries-2023/,https://www.reddit.com/r/dataisbeautiful/comments/14fdxsp/visualizing_annual_working_hours_in_oecd_countries/,55,55,0,18,Visualizing Annual Working Hours in OECD Countries,2023-06-0119.jpg
Father's vs Mother's day spending over past 5 years,AlexTheDataExplorer,2023-06-21,https://openaxis.com/visualizations/13758,https://www.reddit.com/r/dataisbeautiful/comments/14fguth/fathers_vs_mothers_day_spending_over_past_5_years/,1317,1317,0,376,Father's vs Mother's day spending over past 5 years,2023-06-0120.jpg
[OC] Do players make more trades when they lose in fantasy football compared to when they win?,goingtobegreat,2023-06-21,https://i.redd.it/rptrorvdnf7b1.png,https://www.reddit.com/r/dataisbeautiful/comments/14fisum/oc_do_players_make_more_trades_when_they_lose_in/,504,504,0,49,OC Do players make more trades when they lose in fantasy football compared to when they win,2023-06-0121.png
Visualizing Every Company on the S&P 500 Index,Realistic-Cap6526,2023-06-22,https://advisor.visualcapitalist.com/complete-breakdown-of-sp-500-companies/,https://www.reddit.com/r/dataisbeautiful/comments/14fzxx4/visualizing_every_company_on_the_sp_500_index/,9,9,0,1,Visualizing Every Company on the S&P 500 Index,2023-06-0122.jpg
India's Top Video Streaming Platforms [OC],Any-Researcher-9549,2023-06-22,https://i.redd.it/7ibr4oki5k7b1.png,https://www.reddit.com/r/dataisbeautiful/comments/14g1evr/indias_top_video_streaming_platforms_oc/,135,135,0,15,India's Top Video Streaming Platforms OC,2023-06-0123.png
Spotify User Breakdown + Gross Profit Since 2017 [OC],chartr,2023-06-22,https://i.redd.it/rl4shnxlkk7b1.png,https://www.reddit.com/r/dataisbeautiful/comments/14g39yk/spotify_user_breakdown_gross_profit_since_2017_oc/,15944,15944,0,1410,Spotify User Breakdown + Gross Profit Since 2017 OC,2023-06-0124.png
"[OC] American Politics: The ""Red State""/""Blue State"" Myth",bsimons7,2023-06-22,https://i.redd.it/wid44p33mk7b1.png,https://www.reddit.com/r/dataisbeautiful/comments/14g3o6b/oc_american_politics_the_red_stateblue_state_myth/,107,107,0,22,OC American Politics The Red StateBlue State Myth,2023-06-0125.png
"Number of Data is Beautiful posts with more than 75,000 upvotes (shown by the year in which they occurred) [OC]",neilrkaye,2023-06-22,https://i.redd.it/wlj9i1tvpk7b1.png,https://www.reddit.com/r/dataisbeautiful/comments/14g3ys9/number_of_data_is_beautiful_posts_with_more_than/,1269,1269,0,79,"Number of Data is Beautiful posts with more than 75,000 upvotes (shown by the year in which they occurred) OC",2023-06-0126.png
[OC] Tech Titans Drive the S&P 500 to New Highs,LeverageShares,2023-06-22,https://v.redd.it/prfnf1m4zk7b1,https://www.reddit.com/r/dataisbeautiful/comments/14g5cb2/oc_tech_titans_drive_the_sp_500_to_new_highs/,64,64,0,3,OC Tech Titans Drive the S&P 500 to New Highs,2023-06-0127.png
[OC] BlueTriton Water Brands By Region Across The U.S.,Dremarious,2023-06-22,https://i.redd.it/d5raraas8l7b1.jpg,https://www.reddit.com/r/dataisbeautiful/comments/14g6lrp/oc_bluetriton_water_brands_by_region_across_the_us/,188,188,0,90,OC BlueTriton Water Brands By Region Across The U.S.,2023-06-0128.jpg
[OC]Support for Trump's indictment by education,Premise_Data,2023-06-22,https://i.redd.it/79ftvkn2fm7b1.png,https://www.reddit.com/r/dataisbeautiful/comments/14gchpi/ocsupport_for_trumps_indictment_by_education/,150,150,0,85,OCSupport for Trump's indictment by education,2023-06-0129.png
Amazing scrolly visualisation of the risks involved in diving to the Titanic,laughlander,2023-06-22,https://www.abc.net.au/news/2023-06-23/titanic-submersible-deep-sea-scroller/102504810,https://www.reddit.com/r/dataisbeautiful/comments/14gdyjf/amazing_scrolly_visualisation_of_the_risks/,229,229,0,14,Amazing scrolly visualisation of the risks involved in diving to the Titanic,2023-06-0130.jpg
"[OC] Tomorrow is midsummer's eve in Sweden. Search interest for the traditional food herring is spiking, as is tradition.",desfirsit,2023-06-22,https://i.redd.it/zn9rxqzhtm7b1.png,https://www.reddit.com/r/dataisbeautiful/comments/14gel3e/oc_tomorrow_is_midsummers_eve_in_sweden_search/,106,106,0,8,"OC Tomorrow is midsummer's eve in Sweden. Search interest for the traditional food herring is spiking, as is tradition.",2023-06-0131.png
MLB Team Spending vs Division Standings,AlexTheDataExplorer,2023-06-22,https://openaxis.com/visualizations/13756,https://www.reddit.com/r/dataisbeautiful/comments/14gfqsb/mlb_team_spending_vs_division_standings/,10,10,0,7,MLB Team Spending vs Division Standings,2023-06-0132.jpg
Remade Movies VS The Original [OC],CharcoalCharts,2023-06-22,https://i.redd.it/sesok4093n7b1.png,https://www.reddit.com/r/dataisbeautiful/comments/14gg0kz/remade_movies_vs_the_original_oc/,30,30,0,45,Remade Movies VS The Original OC,2023-06-0133.png
[OC] Chicken pox and hepatitis A incidence in the US before and after vaccines,draypresct,2023-06-22,https://i.redd.it/cc6q9jxcpn7b1.png,https://www.reddit.com/r/dataisbeautiful/comments/14giz1y/oc_chicken_pox_and_hepatitis_a_incidence_in_the/,346,346,0,63,OC Chicken pox and hepatitis A incidence in the US before and after vaccines,2023-06-0134.png
US Federal Budget - Deficits & Surplus since 1901 [OC],whjkhn,2023-06-22,https://i.redd.it/du69317teo7b1.png,https://www.reddit.com/r/dataisbeautiful/comments/14gm15n/us_federal_budget_deficits_surplus_since_1901_oc/,1203,1203,0,250,US Federal Budget - Deficits & Surplus since 1901 OC,2023-06-0135.png
"[OC] covid deaths, thru 10May2023 ‚Äì 2020 election",terrykrohe,2023-06-22,https://i.redd.it/knphrlb4fo7b1.png,https://www.reddit.com/r/dataisbeautiful/comments/14gm20n/oc_covid_deaths_thru_10may2023_2020_election/,14,14,0,7,"OC covid deaths, thru 10May2023 ‚Äì 2020 election",2023-06-0136.png
"Resume Photos: Ethnicity, Gender, and Hair Color [OC]",seller_collab,2023-06-23,https://i.redd.it/vjx1kyj96r7b1.png,https://www.reddit.com/r/dataisbeautiful/comments/14gw3pf/resume_photos_ethnicity_gender_and_hair_color_oc/,0,0,0,18,"Resume Photos Ethnicity, Gender, and Hair Color OC",2023-06-0137.png
[OC] Every High School Baseball Field in Delaware,dvd5671,2023-06-23,https://i.redd.it/u81bgvdoks7b1.jpg,https://www.reddit.com/r/dataisbeautiful/comments/14h2ioa/oc_every_high_school_baseball_field_in_delaware/,4482,4482,0,242,OC Every High School Baseball Field in Delaware,2023-06-0138.jpg
Global ocean surface temperature anomalies (difference from average) [OC],Mathew_Barlow,2023-06-23,https://i.redd.it/ua368b5ans7b1.png,https://www.reddit.com/r/dataisbeautiful/comments/14h2vhl/global_ocean_surface_temperature_anomalies/,71,71,0,8,Global ocean surface temperature anomalies (difference from average) OC,2023-06-0139.png
How many miles do you have to travel to get abortion care? One professor maps it,sillychillly,2023-06-23,https://www.npr.org/sections/health-shots/2023/06/21/1183248911/abortion-access-distance-to-care-travel-miles?utm_source=sillychillly,https://www.reddit.com/r/dataisbeautiful/comments/14h67s2/how_many_miles_do_you_have_to_travel_to_get/,139,139,0,65,How many miles do you have to travel to get abortion care One professor maps it,2023-06-0140.jpg
[OC] The GOAT according to ChatGPT,FlippantTheorem,2023-06-23,https://i.redd.it/h8wsq32zdu7b1.jpg,https://www.reddit.com/r/dataisbeautiful/comments/14hbhtg/oc_the_goat_according_to_chatgpt/,18,18,0,34,OC The GOAT according to ChatGPT,2023-06-0141.jpg
[OC] age to become a billionaire,columns_ai,2023-06-23,https://i.redd.it/5z6u0ok8hv7b1.png,https://www.reddit.com/r/dataisbeautiful/comments/14hgbc8/oc_age_to_become_a_billionaire/,5,5,0,24,OC age to become a billionaire,2023-06-0142.png
[OC] Map of distance from an airport (ocean and Antarctica are a different scale from land so it doesn't get washed out),Intro24,2023-06-24,https://i.redd.it/m6q6bj9c4w7b1.png,https://www.reddit.com/r/dataisbeautiful/comments/14hivi2/oc_map_of_distance_from_an_airport_ocean_and/,0,0,0,5,OC Map of distance from an airport (ocean and Antarctica are a different scale from land so it doesn't get washed out),2023-06-0143.png
Titanic Deaths Tracked Over Time,thegm90,2023-06-24,https://ibb.co/XZzQmQN,https://www.reddit.com/r/dataisbeautiful/comments/14hjob7/titanic_deaths_tracked_over_time/,0,0,0,5,Titanic Deaths Tracked Over Time,2023-06-0144.jpg
[oc] Comparing the combined career transfer fees in football: top 5 and Haaland,statZwiki,2023-06-24,https://i.redd.it/yf2dhezp5y7b1.png,https://www.reddit.com/r/dataisbeautiful/comments/14hq1jp/oc_comparing_the_combined_career_transfer_fees_in/,254,254,0,38,oc Comparing the combined career transfer fees in football top 5 and Haaland,2023-06-0145.png
"[OC] Current Antarctic sea ice extent is 2.4 million sq km (926,645 sq miles) below the average for June. If it was a country it would be the 10th largest",sdbernard,2023-06-24,https://i.redd.it/ln7nh0pnay7b1.png,https://www.reddit.com/r/dataisbeautiful/comments/14hqk00/oc_current_antarctic_sea_ice_extent_is_24_million/,1924,1924,0,71,"OC Current Antarctic sea ice extent is 2.4 million sq km (926,645 sq miles) below the average for June. If it was a country it would be the 10th large",2023-06-0146.png
[OC] Some basic plots created using Generative AI for a random housing dataset. Has anyone else been using any generative AI tools to create their plots (for your own datasets)?,exoxygen,2023-06-24,https://i.redd.it/kvq8i6qp808b1.png,https://www.reddit.com/r/dataisbeautiful/comments/14hzgle/oc_some_basic_plots_created_using_generative_ai/,25,25,0,7,OC Some basic plots created using Generative AI for a random housing dataset. Has anyone else been using any generative AI tools to create their plots,2023-06-0147.png
Life Cycle Emissions: EVs vs. Combustion Engine Vehicles,moakmilitia,2023-06-25,https://elements.visualcapitalist.com/life-cycle-emissions-of-electric-hybrid-and-combustion-engine-vehicles/,https://www.reddit.com/r/dataisbeautiful/comments/14iif5s/life_cycle_emissions_evs_vs_combustion_engine/,1945,1945,0,483,Life Cycle Emissions EVs vs. Combustion Engine Vehicles,2023-06-0148.jpg
Metadata visualization via Aim Explorers,tatyanaaaaaa,2023-06-25,https://github.com/aimhubio/aim,https://www.reddit.com/r/dataisbeautiful/comments/14iqb4a/metadata_visualization_via_aim_explorers/,0,0,0,0,Metadata visualization via Aim Explorers,2023-06-0149.jpg
[OC] 2023 Computer Information Systems Graduate 5 Month Long Job Search,Mrowe101,2023-06-25,https://i.redd.it/zdqc5qu2e78b1.png,https://www.reddit.com/r/dataisbeautiful/comments/14ismcg/oc_2023_computer_information_systems_graduate_5/,31,31,0,4,OC 2023 Computer Information Systems Graduate 5 Month Long Job Search,2023-06-0150.png
[OC]Steam Virtual Reality (VR) Video Games,J0kerc01,2023-06-25,https://i.redd.it/pjbajta9m78b1.png,https://www.reddit.com/r/dataisbeautiful/comments/14itsc3/ocsteam_virtual_reality_vr_video_games/,56,56,0,9,OCSteam Virtual Reality (VR) Video Games,2023-06-0151.png
Inter Miami gained over 7 million Instagram followers in two weeks after signing Messi [OC],footy_charts,2023-06-26,https://i.redd.it/swz821aljb8b1.png,https://www.reddit.com/r/dataisbeautiful/comments/14jawnu/inter_miami_gained_over_7_million_instagram/,3877,3877,0,251,Inter Miami gained over 7 million Instagram followers in two weeks after signing Messi OC,2023-06-0152.png
[OC] Hurricanes and Typhoons in the Atlantic (1916 - 2015),k1next,2023-06-26,https://i.redd.it/vxlb7l2o2c8b1.png,https://www.reddit.com/r/dataisbeautiful/comments/14jcs35/oc_hurricanes_and_typhoons_in_the_atlantic_1916/,47,47,0,9,OC Hurricanes and Typhoons in the Atlantic (1916 - 2015),2023-06-0153.png
3 Years of Homeownership Costs [OC],TimeValueMillionaire,2023-06-26,https://i.redd.it/nyouvb14dc8b1.png,https://www.reddit.com/r/dataisbeautiful/comments/14jdwzq/3_years_of_homeownership_costs_oc/,138,138,0,216,3 Years of Homeownership Costs OC,2023-06-0154.png
[OC] My YTD summer internship application process as a junior computer science student,mythours1,2023-06-26,https://i.redd.it/fbxm0e9nhc8b1.png,https://www.reddit.com/r/dataisbeautiful/comments/14jecx4/oc_my_ytd_summer_internship_application_process/,116,116,0,22,OC My YTD summer internship application process as a junior computer science student,2023-06-0155.png
Who cancels and who gets canceled,estasfuera,2023-06-26,https://woolyai.substack.com/p/who-cancels-and-who-gets-canceled,https://www.reddit.com/r/dataisbeautiful/comments/14jem8d/who_cancels_and_who_gets_canceled/,0,0,0,11,Who cancels and who gets canceled,2023-06-0156.jpg
[OC] My rental income on all my properties as a central Florida landlord. Homes acquired between 2009-2019.,Landlord_Patriarch,2023-06-26,https://i.redd.it/zh8serfw1d8b1.jpg,https://www.reddit.com/r/dataisbeautiful/comments/14jgql7/oc_my_rental_income_on_all_my_properties_as_a/,0,0,0,116,OC My rental income on all my properties as a central Florida landlord. Homes acquired between 2009-2019.,2023-06-0157.jpg
Religion Has Become a Luxury Good,madcowga,2023-06-26,https://www.graphsaboutreligion.com/p/religion-has-become-a-luxury-good,https://www.reddit.com/r/dataisbeautiful/comments/14jj3un/religion_has_become_a_luxury_good/,0,0,0,11,Religion Has Become a Luxury Good,2023-06-0158.jpg
[OC] Hurricanes and Typhoons in the Atlantic (1916 - 2015) (updated version),k1next,2023-06-26,https://i.redd.it/h98iunykjd8b1.png,https://www.reddit.com/r/dataisbeautiful/comments/14jj6ip/oc_hurricanes_and_typhoons_in_the_atlantic_1916/,18,18,0,7,OC Hurricanes and Typhoons in the Atlantic (1916 - 2015) (updated version),2023-06-0159.png
"[OC] The world's largest proven oil reserves reside in Venezuela, making up 18% of the global total. But today, it's only producing as much oil as Ecuador, which has a mere 3% of Venezuela's reserves. Visualizing Venezuela's Incompetence in Oil Production:",latinometrics,2023-06-26,https://i.redd.it/o9be5wbfmd8b1.png,https://www.reddit.com/r/dataisbeautiful/comments/14jjmi6/oc_the_worlds_largest_proven_oil_reserves_reside/,11,11,0,62,"OC The world's largest proven oil reserves reside in Venezuela, making up 18% of the global total. But today, it's only producing as much oil as Ecuad",2023-06-0160.png
"[OC] The top 100 most ""pornified"" franchises. This time with western data included.",sugnimmingus,2023-06-26,https://i.redd.it/f78ngfzd7e8b1.png,https://www.reddit.com/r/dataisbeautiful/comments/14jmn2h/oc_the_top_100_most_pornified_franchises_this/,18168,18168,0,2672,OC The top 100 most pornified franchises. This time with western data included.,2023-06-0161.png
[OC] ChatGPT is dominating Google's AI (Bard),jtsg_,2023-06-26,https://i.redd.it/num8xr54xe8b1.jpg,https://www.reddit.com/r/dataisbeautiful/comments/14jqfz4/oc_chatgpt_is_dominating_googles_ai_bard/,219,219,0,76,OC ChatGPT is dominating Google's AI (Bard),2023-06-0162.jpg
Emerging stock markets projected to overtake the US by 2030,ireddit2014,2023-06-26,https://www.goldmansachs.com/intelligence/pages/emerging-stock-markets-projected-to-overtake-the-us-by-2030.html,https://www.reddit.com/r/dataisbeautiful/comments/14jrfy8/emerging_stock_markets_projected_to_overtake_the/,0,0,0,4,Emerging stock markets projected to overtake the US by 2030,2023-06-0163.jpg
[OC] Breakdown of my home remodel,LoveOfSpreadsheets,2023-06-26,https://i.redd.it/yxlkh1dq9f8b1.png,https://www.reddit.com/r/dataisbeautiful/comments/14jsb7n/oc_breakdown_of_my_home_remodel/,57,57,0,43,OC Breakdown of my home remodel,2023-06-0164.png
[OC] Global Startup Ecosystem. Total funding in Series B+ deals 2021 vs 2022 for deelscoop.com,LGFBOOM,2023-06-26,https://i.redd.it/elyv9y3qjf8b1.png,https://www.reddit.com/r/dataisbeautiful/comments/14jttdj/oc_global_startup_ecosystem_total_funding_in/,68,68,0,6,OC Global Startup Ecosystem. Total funding in Series B+ deals 2021 vs 2022 for deelscoop.com,2023-06-0165.png
"[OC] One more follow-up post! The top 100 most ""pornified"" fictional characters according to Rule34",sugnimmingus,2023-06-26,https://i.redd.it/l0xvh180hh8b1.png,https://www.reddit.com/r/dataisbeautiful/comments/14k2nln/oc_one_more_followup_post_the_top_100_most/,11293,11293,0,1999,OC One more follow-up post! The top 100 most pornified fictional characters according to Rule34,2023-06-0166.png
[OC] Most In-Demand Programming Languages from Jan-2022 to Jun-2023,__dacia__,2023-06-27,https://i.redd.it/d8qwi0pu5i8b1.png,https://www.reddit.com/r/dataisbeautiful/comments/14k5caz/oc_most_indemand_programming_languages_from/,242,242,0,67,OC Most In-Demand Programming Languages from Jan-2022 to Jun-2023,2023-06-0167.png
[OC] Monthly Performance of the S&P 500: 94 Years in 1 Video.,LeverageShares,2023-06-27,https://v.redd.it/wyy7303yti8b1,https://www.reddit.com/r/dataisbeautiful/comments/14k7vbi/oc_monthly_performance_of_the_sp_500_94_years_in/,43,43,0,15,OC Monthly Performance of the S&P 500 94 Years in 1 Video.,2023-06-0168.png
[OC] Brazil suffered average tree cover loss the size of Belgium every year since 2001. More than 66 million hectares in total. Equivalent to 8 football fields every minute,sdbernard,2023-06-27,https://v.redd.it/w5kx9q3bej8b1,https://www.reddit.com/r/dataisbeautiful/comments/14k9s9q/oc_brazil_suffered_average_tree_cover_loss_the/,1316,1316,0,176,OC Brazil suffered average tree cover loss the size of Belgium every year since 2001. More than 66 million hectares in total. Equivalent to 8 football,2023-06-0169.png
The Reinvention of The New York Times [OC],chartr,2023-06-27,https://i.redd.it/2sky57pqrj8b1.png,https://www.reddit.com/r/dataisbeautiful/comments/14kbank/the_reinvention_of_the_new_york_times_oc/,420,420,0,61,The Reinvention of The New York Times OC,2023-06-0170.png
[OC] Pok√©mon Type Combinations (Gen 1-9),shahinrostami,2023-06-27,https://v.redd.it/byekokzy3k8b1,https://www.reddit.com/r/dataisbeautiful/comments/14kctoq/oc_pok√©mon_type_combinations_gen_19/,371,371,0,15,OC Pok√©mon Type Combinations (Gen 1-9),2023-06-0171.png
[OC] Graph showing the most viewed video on YouTube every year end from 2010‚Äì2020,Dancer2244,2023-06-27,https://i.redd.it/d1xb8ehq0l8b1.jpg,https://www.reddit.com/r/dataisbeautiful/comments/14khbsz/oc_graph_showing_the_most_viewed_video_on_youtube/,102,102,0,26,OC Graph showing the most viewed video on YouTube every year end from 2010‚Äì2020,2023-06-0172.jpg
[OC] The Most Watched Netflix Shows of All-Time,Dremarious,2023-06-27,https://i.redd.it/4s92t6pjal8b1.jpg,https://www.reddit.com/r/dataisbeautiful/comments/14kiqmh/oc_the_most_watched_netflix_shows_of_alltime/,14962,14962,0,1460,OC The Most Watched Netflix Shows of All-Time,2023-06-0173.jpg
[OC] What are the best and worst airlines at handling wheelchairs?,USAFacts_Official,2023-06-27,https://i.redd.it/j04rjyldxl8b1.png,https://www.reddit.com/r/dataisbeautiful/comments/14km4vm/oc_what_are_the_best_and_worst_airlines_at/,67,67,0,14,OC What are the best and worst airlines at handling wheelchairs,2023-06-0174.png
"[OC] Oakland A's Annual Payroll & Avg. Attendance, since 2012",haweds,2023-06-27,https://i.redd.it/wz81g1aqzl8b1.png,https://www.reddit.com/r/dataisbeautiful/comments/14kmi72/oc_oakland_as_annual_payroll_avg_attendance_since/,56,56,0,17,"OC Oakland A's Annual Payroll & Avg. Attendance, since 2012",2023-06-0175.png
[OC] A World Map Showing Fatal Events of Shelling and Drone/Air Strikes Between 2022-06-17 and 2023-06-16,oscarleo0,2023-06-27,https://i.redd.it/1hhvqcjabm8b1.png,https://www.reddit.com/r/dataisbeautiful/comments/14ko2l2/oc_a_world_map_showing_fatal_events_of_shelling/,80,80,0,19,OC A World Map Showing Fatal Events of Shelling and DroneAir Strikes Between 2022-06-17 and 2023-06-16,2023-06-0176.png
"[OC] Despite being Latin America's smallest wine producer, Uruguay surprisingly leads the world in wine production efficiency.",latinometrics,2023-06-28,https://i.redd.it/7pr32zdmgr8b1.png,https://www.reddit.com/r/dataisbeautiful/comments/14l9kqh/oc_despite_being_latin_americas_smallest_wine/,328,328,0,65,"OC Despite being Latin America's smallest wine producer, Uruguay surprisingly leads the world in wine production efficiency.",2023-06-0177.png
Geologic Map of the Grand Canyon (Southern Part of the Kaibab Plateau Head - 1882). Source is in the replies. I love the colors of the lithographic print!,NewWorldCartographic,2023-06-28,https://i.redd.it/fpj9b1iz5s8b1.jpg,https://www.reddit.com/r/dataisbeautiful/comments/14ld5fv/geologic_map_of_the_grand_canyon_southern_part_of/,4,4,0,2,Geologic Map of the Grand Canyon (Southern Part of the Kaibab Plateau Head - 1882). Source is in the replies. I love the colors of the lithographic pr,2023-06-0178.jpg
Ranking Industries by Their Potential for AI Automation,spendology,2023-06-28,https://www.visualcapitalist.com/sp/ranking-industries-by-their-potential-for-ai-automation/,https://www.reddit.com/r/dataisbeautiful/comments/14lsosm/ranking_industries_by_their_potential_for_ai/,27,27,0,17,Ranking Industries by Their Potential for AI Automation,2023-06-0179.jpg
Animated smiley showing annual global temperature anomalies,richielionellv,2023-06-28,https://twitter.com/bezaleldata/status/1674072988566659072,https://www.reddit.com/r/dataisbeautiful/comments/14lu5t5/animated_smiley_showing_annual_global_temperature/,39,39,0,4,Animated smiley showing annual global temperature anomalies,2023-06-0180.jpg
[OC] 74% of expert economists agree immediate and drastic climate action is necessary,ILikeNeurons,2023-06-29,https://i.redd.it/7l9wr5lkgy8b1.png,https://www.reddit.com/r/dataisbeautiful/comments/14m4gay/oc_74_of_expert_economists_agree_immediate_and/,1882,1882,0,659,OC 74% of expert economists agree immediate and drastic climate action is necessary,2023-06-0181.png
"[OC] Did you know Texas produces over 25% of the wind-powered electricity in the US, despite the largest wind farm being in California's Tehachapi Pass?",clippy-the-compass,2023-06-29,https://i.redd.it/tvx7moznly8b1.png,https://www.reddit.com/r/dataisbeautiful/comments/14m53tu/oc_did_you_know_texas_produces_over_25_of_the/,602,602,0,87,"OC Did you know Texas produces over 25% of the wind-powered electricity in the US, despite the largest wind farm being in California's Tehachapi Pass",2023-06-0182.png
[OC] Data Analysis of Public Housing (HDB) Prices and Rentals in Singapore from 2019 to May 2023,btan0199,2023-06-29,https://i.redd.it/hxnn1xo45z8b1.png,https://www.reddit.com/r/dataisbeautiful/comments/14m7uuv/oc_data_analysis_of_public_housing_hdb_prices_and/,5,5,0,2,OC Data Analysis of Public Housing (HDB) Prices and Rentals in Singapore from 2019 to May 2023,2023-06-0183.png
Dive Profile from Titan (unverified) Transcript [OC].,dm319,2023-06-29,https://i.redd.it/ftsi6xkfq09b1.png,https://www.reddit.com/r/dataisbeautiful/comments/14mfw5i/dive_profile_from_titan_unverified_transcript_oc/,11,11,0,25,Dive Profile from Titan (unverified) Transcript OC.,2023-06-0184.png
[OC] Nationwide Public Transit Ridership is down 30% from pre-lockdown levels; San Francisco's BART ridership is down almost 70%,amad95,2023-06-29,https://i.redd.it/m9l10bekd19b1.png,https://www.reddit.com/r/dataisbeautiful/comments/14mj6i3/oc_nationwide_public_transit_ridership_is_down_30/,3031,3031,0,579,OC Nationwide Public Transit Ridership is down 30% from pre-lockdown levels; San Francisco's BART ridership is down almost 70%,2023-06-0185.png
Stay - Dementia Funding at NIH [OC],Away-Pepper-9239,2023-06-29,https://i.redd.it/k6yzwzgyy19b1.png,https://www.reddit.com/r/dataisbeautiful/comments/14mltdn/stay_dementia_funding_at_nih_oc/,22,22,0,17,Stay - Dementia Funding at NIH OC,2023-06-0186.png
[OC] correlation: covid deaths VS evangelical ‚Äì 2020 election,terrykrohe,2023-06-29,https://i.redd.it/sisshtvo929b1.png,https://www.reddit.com/r/dataisbeautiful/comments/14mn2ik/oc_correlation_covid_deaths_vs_evangelical_2020/,18,18,0,18,OC correlation covid deaths VS evangelical ‚Äì 2020 election,2023-06-0187.png
[OC] Analysis of Youtube comments on surf competition finals of 2023,me_bx,2023-06-30,https://i.redd.it/4go3f306k69b1.png,https://www.reddit.com/r/dataisbeautiful/comments/14n4tl3/oc_analysis_of_youtube_comments_on_surf/,60,60,0,17,OC Analysis of Youtube comments on surf competition finals of 2023,2023-06-0188.png
[OC]: Affirmative action timeline visualization.,ankitrajputt,2023-06-30,https://i.redd.it/0v085gg9479b1.png,https://www.reddit.com/r/dataisbeautiful/comments/14n7ntp/oc_affirmative_action_timeline_visualization/,0,0,0,11,OC Affirmative action timeline visualization.,2023-06-0189.png
"Iberian Peninsula, Sea Surface Temperature at 2023-06-29",lbarqueira,2023-06-30,https://twitter.com/StatsOfPortugal/status/1674852905323462668?t=_deIOczvJv8foy4Wl-ShIQ&s=19,https://www.reddit.com/r/dataisbeautiful/comments/14nayrt/iberian_peninsula_sea_surface_temperature_at/,2,2,0,0,"Iberian Peninsula, Sea Surface Temperature at 2023-06-29",2023-06-0190.jpg
"Second Most Spoken Language in United States, Canada, and Europe [OC]",Business-Bed6376,2023-06-30,https://i.redd.it/sjwjf161y89b1.png,https://www.reddit.com/r/dataisbeautiful/comments/14ngn2o/second_most_spoken_language_in_united_states/,199,199,0,76,"Second Most Spoken Language in United States, Canada, and Europe OC",2023-06-0191.png
